,X,text,favorited,favoriteCount,replyToSN,created,truncated,replyToSID,id,replyToUID,statusSource,screenName,retweetCount,isRetweet,retweeted,longitude,latitude
6199,6199,ndtv: #MyRightToBreathe | Former Delhi CM Sheila Dikshit on Delhi air pollution on The Buck Stops Here… https://t.co/9HCYTeo4uN,FALSE,2,NA,2017-12-06 17:55:19,TRUE,NA,9.3846690090394E+017,NA,"<a href=""https://ifttt.com"" rel=""nofollow"">IFTTT</a>",bdnews24,0,FALSE,FALSE,NA,NA
6200,6200,"#MyRightToBreathe @rashtrapatibhvn @PMOIndia Dear Honourable Sir, how much should a person #Pay4Air2Breathe like pa… https://t.co/bp435qIdlZ",FALSE,1,NA,2017-12-06 17:54:53,TRUE,NA,9.38466789670904E+017,NA,"<a href=""http://twitter.com/download/android"" rel=""nofollow"">Twitter for Android</a>",rvijayagopalan,0,FALSE,FALSE,NA,NA
6201,6201,RT @ndtv: #MyRightToBreathe | Jyoti Pandey Lavakare on The Buck Stops Here https://t.co/pXKqt8ynuF,FALSE,0,NA,2017-12-06 17:54:13,FALSE,NA,9.38466623119389E+017,NA,"<a href=""http://twitter.com/download/android"" rel=""nofollow"">Twitter for Android</a>",Reply_Awaited,29,TRUE,FALSE,NA,NA
6202,6202,"RT @manya_group: Manya-The Princeton Review coming out in support of #MyRightToBreathe . Delhi demands #cleanair 

#StopPollutionCrime #Del…",FALSE,0,NA,2017-12-06 17:54:07,FALSE,NA,9.38466596523086E+017,NA,"<a href=""http://twitter.com/download/android"" rel=""nofollow"">Twitter for Android</a>",shilpa_irdal,3,TRUE,FALSE,NA,NA
6203,6203,RT @ndtv: #MyRightToBreathe | Former Delhi CM Sheila Dikshit on Delhi air pollution on The Buck Stops Here https://t.co/jS6CFzYDKH,FALSE,0,NA,2017-12-06 17:53:51,FALSE,NA,9.38466529640817E+017,NA,"<a href=""http://twitter.com/download/iphone"" rel=""nofollow"">Twitter for iPhone</a>",ajitpratap,15,TRUE,FALSE,NA,NA
6204,6204,RT @ndtv: #MyRightToBreathe | Jyoti Pandey Lavakare on The Buck Stops Here https://t.co/pXKqt8ynuF,FALSE,0,NA,2017-12-06 17:53:36,FALSE,NA,9.38466466369741E+017,NA,"<a href=""http://twitter.com/download/iphone"" rel=""nofollow"">Twitter for iPhone</a>",TheTabrezKhan,29,TRUE,FALSE,NA,NA
6205,6205,RT @ndtv: #MyRightToBreathe | Former Delhi CM Sheila Dikshit on Delhi air pollution on The Buck Stops Here https://t.co/jS6CFzYDKH,FALSE,0,NA,2017-12-06 17:53:15,FALSE,NA,9.38466379673379E+017,NA,"<a href=""http://twitter.com/download/iphone"" rel=""nofollow"">Twitter for iPhone</a>",handayash,15,TRUE,FALSE,NA,NA
6206,6206,RT @ndtv: #MyRightToBreathe | Former Delhi CM Sheila Dikshit on Delhi air pollution on The Buck Stops Here https://t.co/jS6CFzYDKH,FALSE,0,NA,2017-12-06 17:52:13,FALSE,NA,9.38466119492387E+017,NA,"<a href=""http://twitter.com/download/android"" rel=""nofollow"">Twitter for Android</a>",NikhilSinghBJP,15,TRUE,FALSE,NA,NA
6207,6207,RT @ndtv: #MyRightToBreathe | Former Delhi CM Sheila Dikshit on Delhi air pollution on The Buck Stops Here https://t.co/jS6CFzYDKH,FALSE,0,NA,2017-12-06 17:52:06,FALSE,NA,9.38466088777605E+017,NA,"<a href=""https://mobile.twitter.com"" rel=""nofollow"">Twitter Lite</a>",Shivashishsen21,15,TRUE,FALSE,NA,NA
6208,6208,RT @ndtv: #MyRightToBreathe | Former Delhi CM Sheila Dikshit on Delhi air pollution on The Buck Stops Here https://t.co/jS6CFzYDKH,FALSE,0,NA,2017-12-06 17:51:42,FALSE,NA,9.38465988537868E+017,NA,"<a href=""http://twitter.com/download/iphone"" rel=""nofollow"">Twitter for iPhone</a>",RKKPradhan,15,TRUE,FALSE,NA,NA
6209,6209,#MyRightToBreathe | Former Delhi CM Sheila Dikshit on Delhi air pollution on The Buck Stops Here https://t.co/IIOA03r5Sw,FALSE,0,NA,2017-12-06 17:51:13,FALSE,NA,9.38465869902082E+017,NA,"<a href=""https://ifttt.com"" rel=""nofollow"">IFTTT</a>",neerajnirwals,0,FALSE,FALSE,NA,NA
6210,6210,#MyRightToBreathe | Former Delhi CM Sheila Dikshit on Delhi air pollution on The Buck Stops Here https://t.co/y6mcDdL7VV,FALSE,0,NA,2017-12-06 17:51:09,FALSE,NA,9.38465852411863E+017,NA,"<a href=""https://ifttt.com"" rel=""nofollow"">IFTTT</a>",Bis_Sandeep,0,FALSE,FALSE,NA,NA
6211,6211,RT @ndtv: #MyRightToBreathe | Jyoti Pandey Lavakare on The Buck Stops Here https://t.co/pXKqt8ynuF,FALSE,0,NA,2017-12-06 17:51:04,FALSE,NA,9.38465830018327E+017,NA,"<a href=""https://mobile.twitter.com"" rel=""nofollow"">Twitter Lite</a>",mysterthought,29,TRUE,FALSE,NA,NA
6212,6212,RT @ndtv: #MyRightToBreathe | Former Delhi CM Sheila Dikshit on Delhi air pollution on The Buck Stops Here https://t.co/jS6CFzYDKH,FALSE,0,NA,2017-12-06 17:51:01,FALSE,NA,9.384658168692E+017,NA,"<a href=""http://twitter.com"" rel=""nofollow"">Twitter Web Client</a>",BalakrishnanGN,15,TRUE,FALSE,NA,NA
6213,6213,RT @ndtv: #MyRightToBreathe | Former Delhi CM Sheila Dikshit on Delhi air pollution on The Buck Stops Here https://t.co/jS6CFzYDKH,FALSE,0,NA,2017-12-06 17:50:52,FALSE,NA,9.38465778503893E+017,NA,"<a href=""http://twitter.com/download/android"" rel=""nofollow"">Twitter for Android</a>",MirRafae,15,TRUE,FALSE,NA,NA
6214,6214,#MyRightToBreathe | Former Delhi CM Sheila Dikshit on Delhi air pollution on The Buck Stops Here https://t.co/jS6CFzYDKH,FALSE,63,NA,2017-12-06 17:50:12,FALSE,NA,9.38465611298099E+017,NA,"<a href=""http://www.graphity.in"" rel=""nofollow"">GraphityCampaignNDTV</a>",ndtv,15,FALSE,FALSE,NA,NA
6215,6215,People of the Capital City will appreciate a fitting tribute if you as the PM could kindly intervene with the State… https://t.co/P3H2tQj6eY,FALSE,2,NA,2017-12-06 17:49:50,TRUE,NA,9.38465521242063E+017,NA,"<a href=""http://twitter.com/download/android"" rel=""nofollow"">Twitter for Android</a>",fxmgoa,0,FALSE,FALSE,NA,NA
6216,6216,#MyRightToBreathe A simple and more realistic method would be planting more trees. Cheaper and 100% results guarant… https://t.co/lnbRn0SfQU,FALSE,1,NA,2017-12-06 17:44:19,TRUE,NA,9.3846413319601E+017,NA,"<a href=""http://twitter.com/download/iphone"" rel=""nofollow"">Twitter for iPhone</a>",siddharth0211,0,FALSE,FALSE,NA,NA
6217,6217,RT @ndtv: #MyRightToBreathe | Dr Anupam Sibal on The Buck Stops Here https://t.co/9HHqPeLfuS,FALSE,0,NA,2017-12-06 17:42:41,FALSE,NA,9.38463722057581E+017,NA,"<a href=""http://twitter.com/download/iphone"" rel=""nofollow"">Twitter for iPhone</a>",khanna_manali,4,TRUE,FALSE,NA,NA
6218,6218,#myrighttobreathe Delhi ki hava (air) ko sawch banane ke liye kathore kadam ki jarurat hai. 1. Vehicle sell ban. 2.… https://t.co/IKN2J5YEfZ,FALSE,1,NA,2017-12-06 17:41:45,TRUE,NA,9.38463484995543E+017,NA,"<a href=""http://twitter.com/download/android"" rel=""nofollow"">Twitter for Android</a>",Krishna42113084,0,FALSE,FALSE,NA,NA
6219,6219,#MyRightToBreathe | Dr Anupam Sibal on The Buck Stops Here https://t.co/morklQZv30,FALSE,0,NA,2017-12-06 17:41:21,FALSE,NA,9.38463383782818E+017,NA,"<a href=""https://ifttt.com"" rel=""nofollow"">IFTTT</a>",Bis_Sandeep,0,FALSE,FALSE,NA,NA
6220,6220,RT @ndtv: #MyRightToBreathe | Dr Anupam Sibal on The Buck Stops Here https://t.co/9HHqPeLfuS,FALSE,0,NA,2017-12-06 17:40:17,FALSE,NA,9.38463117268353E+017,NA,"<a href=""http://twitter.com/#!/download/ipad"" rel=""nofollow"">Twitter for iPad</a>",daseinsystem,4,TRUE,FALSE,NA,NA
6221,6221,RT @ndtv: #MyRightToBreathe | Jyoti Pandey Lavakare on The Buck Stops Here https://t.co/pXKqt8ynuF,FALSE,0,NA,2017-12-06 17:39:54,FALSE,NA,9.38463019679363E+017,NA,"<a href=""http://twitter.com/download/android"" rel=""nofollow"">Twitter for Android</a>",ashjjkk,29,TRUE,FALSE,NA,NA
6222,6222,RT @ndtv: #MyRightToBreathe | Jyoti Pandey Lavakare on The Buck Stops Here https://t.co/pXKqt8ynuF,FALSE,0,NA,2017-12-06 17:39:16,FALSE,NA,9.38462862317703E+017,NA,"<a href=""http://twitter.com/download/iphone"" rel=""nofollow"">Twitter for iPhone</a>",am_gauri,29,TRUE,FALSE,NA,NA
6223,6223,#MyRightToBreathe | Dr Anupam Sibal on The Buck Stops Here https://t.co/Uwv8vTcl0F,FALSE,0,NA,2017-12-06 17:36:20,FALSE,NA,9.3846212262701E+017,NA,"<a href=""https://ifttt.com"" rel=""nofollow"">IFTTT</a>",neerajnirwals,0,FALSE,FALSE,NA,NA
6224,6224,ndtv: #MyRightToBreathe | Dr Anupam Sibal on The Buck Stops Here https://t.co/E8QolqRjjZ https://t.co/wgabmpzmwE,FALSE,2,NA,2017-12-06 17:36:18,FALSE,NA,9.38462116314534E+017,NA,"<a href=""https://ifttt.com"" rel=""nofollow"">IFTTT</a>",bdnews24,0,FALSE,FALSE,NA,NA
6225,6225,#MyRightToBreathe | Dr Anupam Sibal on The Buck Stops Here https://t.co/9HHqPeLfuS,FALSE,27,NA,2017-12-06 17:35:59,FALSE,NA,9.38462034609533E+017,NA,"<a href=""http://www.graphity.in"" rel=""nofollow"">GraphityCampaignNDTV</a>",ndtv,4,FALSE,FALSE,NA,NA
6226,6226,RT @ndtv: #MyRightToBreathe | Jyoti Pandey Lavakare on The Buck Stops Here https://t.co/pXKqt8ynuF,FALSE,0,NA,2017-12-06 17:35:41,FALSE,NA,9.3846195934684E+017,NA,"<a href=""http://twitter.com/download/android"" rel=""nofollow"">Twitter for Android</a>",being_explorer,29,TRUE,FALSE,NA,NA
6227,6227,RT @ndtv: #MyRightToBreathe | Jyoti Pandey Lavakare on The Buck Stops Here https://t.co/pXKqt8ynuF,FALSE,0,NA,2017-12-06 17:34:05,FALSE,NA,9.38461555427107E+017,NA,"<a href=""https://mobile.twitter.com"" rel=""nofollow"">Twitter Lite</a>",sudeepta_tekade,29,TRUE,FALSE,NA,NA
6228,6228,RT @ndtv: #MyRightToBreathe | Jyoti Pandey Lavakare on The Buck Stops Here https://t.co/pXKqt8ynuF,FALSE,0,NA,2017-12-06 17:33:23,FALSE,NA,9.38461379098329E+017,NA,"<a href=""http://twitter.com/download/android"" rel=""nofollow"">Twitter for Android</a>",ashwaniattrish,29,TRUE,FALSE,NA,NA
6229,6229,RT @ndtv: #MyRightToBreathe | Jyoti Pandey Lavakare on The Buck Stops Here https://t.co/pXKqt8ynuF,FALSE,0,NA,2017-12-06 17:32:09,FALSE,NA,9.38461071832097E+017,NA,"<a href=""http://twitter.com/download/android"" rel=""nofollow"">Twitter for Android</a>",Paul_Koshy,29,TRUE,FALSE,NA,NA
6230,6230,#MyRightToBreathe | Jyoti Pandey Lavakare on The Buck Stops Here https://t.co/WIwbLzCXbW,FALSE,0,NA,2017-12-06 17:31:29,FALSE,NA,9.38460902143222E+017,NA,"<a href=""https://ifttt.com"" rel=""nofollow"">IFTTT</a>",Bis_Sandeep,0,FALSE,FALSE,NA,NA
6231,6231,#MyRightToBreathe | Jyoti Pandey Lavakare on The Buck Stops Here https://t.co/clHPULF2i4,FALSE,0,NA,2017-12-06 17:31:20,FALSE,NA,9.38460862989455E+017,NA,"<a href=""https://ifttt.com"" rel=""nofollow"">IFTTT</a>",neerajnirwals,0,FALSE,FALSE,NA,NA
6232,6232,RT @ndtv: #MyRightToBreathe | Jyoti Pandey Lavakare on The Buck Stops Here https://t.co/pXKqt8ynuF,FALSE,0,NA,2017-12-06 17:31:07,FALSE,NA,9.38460809788735E+017,NA,"<a href=""http://twitter.com/download/android"" rel=""nofollow"">Twitter for Android</a>",firdfard1,29,TRUE,FALSE,NA,NA
6233,6233,RT @ndtv: #MyRightToBreathe | Jyoti Pandey Lavakare on The Buck Stops Here https://t.co/pXKqt8ynuF,FALSE,0,NA,2017-12-06 17:31:00,FALSE,NA,9.38460781703676E+017,NA,"<a href=""http://twitter.com/download/android"" rel=""nofollow"">Twitter for Android</a>",ARSHAD9457,29,TRUE,FALSE,NA,NA
6234,6234,ndtv: #MyRightToBreathe | Jyoti Pandey Lavakare on The Buck Stops Here https://t.co/ytu22dcsOJ https://t.co/ajK37vZ1Oc,FALSE,11,NA,2017-12-06 17:30:41,FALSE,NA,9.38460702007874E+017,NA,"<a href=""https://ifttt.com"" rel=""nofollow"">IFTTT</a>",bdnews24,0,FALSE,FALSE,NA,NA
6235,6235,@narendramodi I don't expect a PM to campaign for elections at a time the Capital is fighting it's right to breathe… https://t.co/v65GgkoaMm,FALSE,2,narendramodi,2017-12-06 17:30:27,TRUE,NA,9.38460643878879E+017,18839785,"<a href=""http://twitter.com/download/android"" rel=""nofollow"">Twitter for Android</a>",MirandaVaishali,1,FALSE,FALSE,NA,NA
6236,6236,RT @ndtv: #MyRightToBreathe | Jyoti Pandey Lavakare on The Buck Stops Here https://t.co/pXKqt8ynuF,FALSE,0,NA,2017-12-06 17:30:20,FALSE,NA,9.38460611565855E+017,NA,"<a href=""http://twitter.com/download/android"" rel=""nofollow"">Twitter for Android</a>",imoradabad,29,TRUE,FALSE,NA,NA
6237,6237,RT @ndtv: #MyRightToBreathe | Jyoti Pandey Lavakare on The Buck Stops Here https://t.co/pXKqt8ynuF,FALSE,0,NA,2017-12-06 17:28:35,FALSE,NA,9.38460170774106E+017,NA,"<a href=""http://twitter.com/download/android"" rel=""nofollow"">Twitter for Android</a>",Manoj_3416,29,TRUE,FALSE,NA,NA
6238,6238,#MyRightToBreathe | Jyoti Pandey Lavakare on The Buck Stops Here https://t.co/pXKqt8ynuF,FALSE,122,NA,2017-12-06 17:28:17,FALSE,NA,9.384600964258E+017,NA,"<a href=""http://www.graphity.in"" rel=""nofollow"">GraphityCampaignNDTV</a>",ndtv,29,FALSE,FALSE,NA,NA
6239,6239,@narendramodi  I don't expect a PM to campaign for elections at a time the Capital is fighting it's right to breath… https://t.co/9FdGvGUEgF,FALSE,1,narendramodi,2017-12-06 17:25:59,TRUE,NA,9.38459518274478E+017,18839785,"<a href=""http://twitter.com/download/android"" rel=""nofollow"">Twitter for Android</a>",VaishaliMiranda,0,FALSE,FALSE,NA,NA
6240,6240,Revelatory insight into how much people in India care about #AirPollution. #MyRightToBreathe https://t.co/iNkRzRXUxq,FALSE,2,NA,2017-12-06 17:06:40,FALSE,NA,9.38454658409836E+017,NA,"<a href=""http://twitter.com"" rel=""nofollow"">Twitter Web Client</a>",CareForAirIndia,0,FALSE,FALSE,NA,NA
6241,6241,We want emission standards for coal power plants so that India can breathe cleaner air! @DrHarshVardhan @moefcc #MyRightToBreathe,FALSE,1,NA,2017-12-06 16:39:29,FALSE,NA,9.38447816690614E+017,NA,"<a href=""http://twitter.com"" rel=""nofollow"">Twitter Web Client</a>",miteshshah,0,FALSE,FALSE,NA,NA
6242,6242,RT @breatheasyindia: #BeatCOPD #Myrighttobreathe #breatheeasyindia https://t.co/HB9zDYPR9Q,FALSE,0,NA,2017-12-06 16:30:04,FALSE,NA,9.38445444367167E+017,NA,"<a href=""http://twitter.com/download/iphone"" rel=""nofollow"">Twitter for iPhone</a>",M4_ConsP,1,TRUE,FALSE,NA,NA
6243,6243,We want emission standards for coal power plants so that India can breathe cleaner air! @DrHarshVardhan @moefcc #MyRightToBreathe,FALSE,1,NA,2017-12-06 16:29:59,FALSE,NA,9.38445425983463E+017,NA,"<a href=""http://twitter.com/download/iphone"" rel=""nofollow"">Twitter for iPhone</a>",vivekrajindia,0,FALSE,FALSE,NA,NA
6244,6244,Power plants must NOT be allowed to flout environmental regulations! Join me in asking @drharshvardhan to STOP POLL… https://t.co/qRpC3XvPEP,FALSE,4,NA,2017-12-06 15:54:15,TRUE,NA,9.38436434523972E+017,NA,"<a href=""http://twitter.com/download/android"" rel=""nofollow"">Twitter for Android</a>",sumitracj,0,FALSE,FALSE,NA,NA
6245,6245,Catch @Bharati09 on @ndtv tonight at 10 addressing #Delhi's #AirPollution #PublicHealth #Crisis. #MyRightToBreathe,FALSE,5,NA,2017-12-06 15:48:54,FALSE,NA,9.38435084381667E+017,NA,"<a href=""http://twitter.com/download/iphone"" rel=""nofollow"">Twitter for iPhone</a>",ChintanIndia,2,FALSE,FALSE,NA,NA
6246,6246,"Indians deserve clean air #MyRightToBreathe 
The @moefcc needs to ensure all coal plants follow emission 
norms. SI… https://t.co/VsOUkyic7e",FALSE,2,NA,2017-12-06 15:38:02,TRUE,NA,9.38432350517469E+017,NA,"<a href=""http://twitter.com"" rel=""nofollow"">Twitter Web Client</a>",AashimaBhutani,0,FALSE,FALSE,NA,NA
6247,6247,Power plants must NOT be allowed to flout environmental regulations! Join me in asking @drharshvardhan to STOP POLL… https://t.co/lbPScOJCLl,FALSE,1,NA,2017-12-06 15:04:38,TRUE,NA,9.38423944436105E+017,NA,"<a href=""http://twitter.com"" rel=""nofollow"">Twitter Web Client</a>",sathish69429891,0,FALSE,FALSE,NA,NA
6248,6248,Power plants must NOT be allowed to flout environmental regulations! Join me in asking @drharshvardhan to STOP POLL… https://t.co/yaLhIN9ZcR,FALSE,2,NA,2017-12-06 14:54:55,TRUE,NA,9.3842150093935E+017,NA,"<a href=""http://twitter.com"" rel=""nofollow"">Twitter Web Client</a>",CHENGAPPAM,0,FALSE,FALSE,NA,NA
6249,6249,Power plants must NOT be allowed to flout environmental regulations! Join me in asking @drharshvardhan to STOP POLL… https://t.co/iMK0OHbOJM,FALSE,1,NA,2017-12-06 14:43:35,TRUE,NA,9.38418648129012E+017,NA,"<a href=""http://twitter.com/download/android"" rel=""nofollow"">Twitter for Android</a>",rajeevactor,0,FALSE,FALSE,NA,NA
6250,6250,Power plants must NOT be allowed to flout environmental regulations! Join me in asking @drharshvardhan to STOP POLL… https://t.co/myI1LgbLZr,FALSE,1,NA,2017-12-06 14:43:06,TRUE,NA,9.38418527920308E+017,NA,"<a href=""http://twitter.com"" rel=""nofollow"">Twitter Web Client</a>",Tushar_Kapila,0,FALSE,FALSE,NA,NA
6251,6251,Power plants must NOT be allowed to flout environmental regulations! Join me in asking @drharshvardhan to STOP POLL… https://t.co/OnjtUkrSib,FALSE,1,NA,2017-12-06 14:41:38,TRUE,NA,9.38418159513624E+017,NA,"<a href=""http://twitter.com"" rel=""nofollow"">Twitter Web Client</a>",Tushar_Kapila,0,FALSE,FALSE,NA,NA
6252,6252,Power plants must NOT be allowed to flout environmental regulations! Join me in asking @drharshvardhan to STOP POLL… https://t.co/4YoVHldxNH,FALSE,1,NA,2017-12-06 14:40:53,TRUE,NA,9.38417970589475E+017,NA,"<a href=""http://twitter.com"" rel=""nofollow"">Twitter Web Client</a>",Tushar_Kapila,0,FALSE,FALSE,NA,NA
6253,6253,Power plants must NOT be allowed to flout environmental regulations! Join me in asking @drharshvardhan to STOP POLL… https://t.co/jamtAuTBtL,FALSE,1,NA,2017-12-06 14:03:13,TRUE,NA,9.38408490426446E+017,NA,"<a href=""http://twitter.com/download/android"" rel=""nofollow"">Twitter for Android</a>",karthiksh89,0,FALSE,FALSE,NA,NA
6254,6254,Power plants must NOT be allowed to flout environmental regulations! Join me in asking @drharshvardhan to STOP POLL… https://t.co/VDBMhy5xD9,FALSE,2,NA,2017-12-06 13:53:40,TRUE,NA,9.38406087694344E+017,NA,"<a href=""http://twitter.com/download/android"" rel=""nofollow"">Twitter for Android</a>",mkumar1352,0,FALSE,FALSE,NA,NA
6255,6255,Power plants must NOT be allowed to flout environmental regulations! Join me in asking @drharshvardhan to STOP POLL… https://t.co/uGv42i6sfj,FALSE,1,NA,2017-12-06 13:47:48,TRUE,NA,9.3840461225558E+017,NA,"<a href=""http://twitter.com/download/android"" rel=""nofollow"">Twitter for Android</a>",Shahedsait61,0,FALSE,FALSE,NA,NA
6256,6256,Power plants must NOT be allowed to flout environmental regulations! Join me in asking @drharshvardhan to STOP POLL… https://t.co/ZRtAYpIWyw,FALSE,1,NA,2017-12-06 13:44:08,TRUE,NA,9.38403688443286E+017,NA,"<a href=""http://twitter.com/download/iphone"" rel=""nofollow"">Twitter for iPhone</a>",sunnypraveen2,0,FALSE,FALSE,NA,NA
6257,6257,Please cancel the #airpollutionextension @drharshvardhan and STOP POLLUTION CRIMES! All power plants should be upgr… https://t.co/przQZjiKC6,FALSE,1,NA,2017-12-06 13:38:56,TRUE,NA,9.38402377140355E+017,NA,"<a href=""http://twitter.com/download/android"" rel=""nofollow"">Twitter for Android</a>",MohakGupta66,0,FALSE,FALSE,NA,NA
6258,6258,Power plants must NOT be allowed to flout environmental regulations! Join me in asking @drharshvardhan to STOP POLL… https://t.co/zgk5QiyetI,FALSE,1,NA,2017-12-06 13:38:32,TRUE,NA,9.38402280100872E+017,NA,"<a href=""http://twitter.com"" rel=""nofollow"">Twitter Web Client</a>",dhanorkars,0,FALSE,FALSE,NA,NA
6259,6259,Please cancel the #airpollutionextension @drharshvardhan and STOP POLLUTION CRIMES! All power plants should be upgr… https://t.co/VMNxlZkkqd,FALSE,1,NA,2017-12-06 13:32:17,TRUE,NA,9.38400705164882E+017,NA,"<a href=""http://twitter.com"" rel=""nofollow"">Twitter Web Client</a>",xksund,0,FALSE,FALSE,NA,NA
6260,6260,"Email @drharshvardhan. Demand stringent action against coal power plants that pollute: https://t.co/3h4yzHSvou 

ST… https://t.co/K4AbQWYZp9",FALSE,4,NA,2017-12-06 13:31:59,TRUE,NA,9.38400631374561E+017,NA,"<a href=""http://twitter.com"" rel=""nofollow"">Twitter Web Client</a>",greenpeaceindia,6,FALSE,FALSE,NA,NA
6261,6261,"#MyRightToBreathe 
You must take some actions to stop #pollution because we don't need #progress or higher #GDP in… https://t.co/AVHgtaaKy1",FALSE,1,NA,2017-12-06 13:28:10,TRUE,NA,9.3839967087473E+017,NA,"<a href=""http://twitter.com"" rel=""nofollow"">Twitter Web Client</a>",royal7_tweets,0,FALSE,FALSE,NA,NA
6262,6262,Power plants must NOT be allowed to flout environmental regulations! Join me in asking @drharshvardhan to STOP POLL… https://t.co/yXWioMVQov,FALSE,0,NA,2017-12-06 13:27:51,TRUE,NA,9.38399591073956E+017,NA,"<a href=""http://twitter.com"" rel=""nofollow"">Twitter Web Client</a>",sriniva24800160,0,FALSE,FALSE,NA,NA
6263,6263,RT @misskaul: Not just for the kids! #StopPollutionCrimes and allow us #MyRightToBreathe cc @drharshvardhan https://t.co/A3g0rVl41R,FALSE,0,NA,2017-12-06 13:25:53,FALSE,NA,9.38399093985964E+017,NA,"<a href=""http://twitter.com"" rel=""nofollow"">Twitter Web Client</a>",nandi555,12,TRUE,FALSE,NA,NA
6264,6264,Power plants must NOT be allowed to flout environmental regulations! Join me in asking @drharshvardhan to STOP POLL… https://t.co/ULcfjB0sXY,FALSE,0,NA,2017-12-06 13:24:21,TRUE,NA,9.38398710836298E+017,NA,"<a href=""http://twitter.com/download/android"" rel=""nofollow"">Twitter for Android</a>",prajwal4726,0,FALSE,FALSE,NA,NA
6265,6265,Power plants must NOT be allowed to flout environmental regulations! Join me in asking @drharshvardhan to STOP POLL… https://t.co/tOl3XEbijr,FALSE,0,NA,2017-12-06 13:21:40,TRUE,NA,9.38398034106335E+017,NA,"<a href=""http://twitter.com/download/iphone"" rel=""nofollow"">Twitter for iPhone</a>",pxy,0,FALSE,FALSE,NA,NA
6266,6266,Power plants must NOT be allowed to flout environmental regulations! Join me in asking @drharshvardhan to STOP POLL… https://t.co/C91ghGSHrm,FALSE,0,NA,2017-12-06 13:20:25,TRUE,NA,9.38397721106383E+017,NA,"<a href=""http://twitter.com"" rel=""nofollow"">Twitter Web Client</a>",AbhilashTomar18,0,FALSE,FALSE,NA,NA
6267,6267,Power plants must NOT be allowed to flout environmental regulations! Join me in asking @drharshvardhan to STOP POLL… https://t.co/m98LRSdPDg,FALSE,0,NA,2017-12-06 13:19:37,TRUE,NA,9.38397516071977E+017,NA,"<a href=""http://twitter.com"" rel=""nofollow"">Twitter Web Client</a>",sunnyarya121,0,FALSE,FALSE,NA,NA
6268,6268,Power plants must NOT be allowed to flout environmental regulations! Join me in asking @drharshvardhan to STOP POLL… https://t.co/kwdAN3BiQJ,FALSE,0,NA,2017-12-06 13:19:13,TRUE,NA,9.38397416797045E+017,NA,"<a href=""http://twitter.com"" rel=""nofollow"">Twitter Web Client</a>",Md3Soni,0,FALSE,FALSE,NA,NA
6269,6269,RT @misskaul: Not just for the kids! #StopPollutionCrimes and allow us #MyRightToBreathe cc @drharshvardhan https://t.co/A3g0rVl41R,FALSE,0,NA,2017-12-06 13:19:03,FALSE,NA,9.38397376531677E+017,NA,"<a href=""http://twitter.com"" rel=""nofollow"">Twitter Web Client</a>",greenpeaceindia,12,TRUE,FALSE,NA,NA
6270,6270,Power plants must NOT be allowed to flout environmental regulations! Join me in asking @drharshvardhan to STOP POLL… https://t.co/LpNyyonr4S,FALSE,0,NA,2017-12-06 13:17:50,TRUE,NA,9.38397067138834E+017,NA,"<a href=""http://twitter.com/download/android"" rel=""nofollow"">Twitter for Android</a>",purezen_,0,FALSE,FALSE,NA,NA
6271,6271,#AirPollution is the biggest health crisis we face. 1 in 9 deaths are caused by #airpollution. More action against… https://t.co/zbXaPxpfCO,FALSE,0,NA,2017-12-06 13:03:54,TRUE,NA,9.38393564022702E+017,NA,"<a href=""http://twitter.com"" rel=""nofollow"">Twitter Web Client</a>",kwkabuthia,1,FALSE,FALSE,NA,NA
6272,6272,It's #MyRightToBreathe and I am asking my government to ensure #CleanAir https://t.co/CoA3iBNUcg,FALSE,0,NA,2017-12-06 13:02:43,FALSE,NA,9.38393263483924E+017,NA,"<a href=""http://twitter.com/download/android"" rel=""nofollow"">Twitter for Android</a>",Shantz66,0,FALSE,FALSE,NA,NA
6273,6273,Please cancel the #airpollutionextension @drharshvardhan and STOP POLLUTION CRIMES! All power plants should be upgr… https://t.co/olM9TGaveZ,FALSE,0,NA,2017-12-06 12:57:43,TRUE,NA,9.38392007977742E+017,NA,"<a href=""http://twitter.com"" rel=""nofollow"">Twitter Web Client</a>",chhavi,1,FALSE,FALSE,NA,NA
6274,6274,"One in seven traffic policemen in #Delhi has lung trouble! Are we surprised?
https://t.co/BAeZY2S0lT 
#AirPollution… https://t.co/UB3sOZaqs4",FALSE,11,NA,2017-12-06 12:52:17,TRUE,NA,9.38390641255448E+017,NA,"<a href=""http://twitter.com"" rel=""nofollow"">Twitter Web Client</a>",CareForAirIndia,10,FALSE,FALSE,NA,NA
6275,6275,Healthy diets and lifestyles can help reduce the overall impact of air pollution on children. The healthier a child… https://t.co/aejSPBvoWY,FALSE,0,NA,2017-12-06 12:39:39,TRUE,NA,9.38387459120939E+017,NA,"<a href=""http://twitter.com"" rel=""nofollow"">Twitter Web Client</a>",drnavindang,0,FALSE,FALSE,NA,NA
6276,6276,Please cancel the #airpollutionextension @drharshvardhan and STOP POLLUTION CRIMES! All power plants should be upgr… https://t.co/YFYOhCFQ4s,FALSE,0,NA,2017-12-06 12:31:31,TRUE,NA,9.38385411432333E+017,NA,"<a href=""http://twitter.com"" rel=""nofollow"">Twitter Web Client</a>",gopinathan1936,0,FALSE,FALSE,NA,NA
6277,6277,RT @DelhiBreathe: Delhi citizens are asking @moefcc @drharshvardhan to STOP POLLUTION CRIMES! India NEEDS CLEAN AIR #MyRightToBreathe Have…,FALSE,0,NA,2017-12-06 12:20:28,FALSE,NA,9.38382632668209E+017,NA,"<a href=""http://twitter.com/download/android"" rel=""nofollow"">Twitter for Android</a>",himanshuysm,8,TRUE,FALSE,NA,NA
6278,6278,Please cancel the #airpollutionextension @drharshvardhan and STOP POLLUTION CRIMES! All power plants should be upgr… https://t.co/gpWGWxuyG6,FALSE,0,NA,2017-12-06 12:04:30,TRUE,NA,9.38378612276732E+017,NA,"<a href=""http://twitter.com"" rel=""nofollow"">Twitter Web Client</a>",Akshayjoshi87,0,FALSE,FALSE,NA,NA
6279,6279,Power plants must NOT be allowed to flout environmental regulations! Join me in asking @drharshvardhan to STOP POLL… https://t.co/43w3oBEI9A,FALSE,1,NA,2017-12-06 11:50:32,TRUE,NA,9.38375098062352E+017,NA,"<a href=""http://twitter.com"" rel=""nofollow"">Twitter Web Client</a>",AtilTakri,0,FALSE,FALSE,NA,NA
6280,6280,RT @misskaul: Not just for the kids! #StopPollutionCrimes and allow us #MyRightToBreathe cc @drharshvardhan https://t.co/A3g0rVl41R,FALSE,0,NA,2017-12-06 11:30:10,FALSE,NA,9.38369971981185E+017,NA,"<a href=""http://twitter.com/download/android"" rel=""nofollow"">Twitter for Android</a>",BhasvarN,12,TRUE,FALSE,NA,NA
6281,6281,RT @sherryfrosh: #myrighttobreathe @drharshvardhan @DelhiBreathe . #Summit #Gurgaon https://t.co/zJNvorazCf,FALSE,0,NA,2017-12-06 11:29:45,FALSE,NA,9.38369867874411E+017,NA,"<a href=""http://twitter.com/download/iphone"" rel=""nofollow"">Twitter for iPhone</a>",RightToBreath,3,TRUE,FALSE,NA,NA
6282,6282,We want emission standards for coal power plants so that India can breathe cleaner air! @DrHarshVardhan @moefcc #MyRightToBreathe,FALSE,1,NA,2017-12-06 11:26:54,FALSE,NA,9.38369151520739E+017,NA,"<a href=""http://twitter.com"" rel=""nofollow"">Twitter Web Client</a>",reechaindelhi,2,FALSE,FALSE,NA,NA
6283,6283,"#chokingdelhi #pollution #newdelhi #myrighttobreathe and as per usual, all conversation and action around pollution… https://t.co/w86uoVndXW",FALSE,0,NA,2017-12-06 11:18:05,TRUE,NA,9.38366933954527E+017,NA,"<a href=""http://twitter.com"" rel=""nofollow"">Twitter Web Client</a>",DeepshriM,0,FALSE,FALSE,NA,NA
6284,6284,RT @misskaul: Not just for the kids! #StopPollutionCrimes and allow us #MyRightToBreathe cc @drharshvardhan https://t.co/A3g0rVl41R,FALSE,0,NA,2017-12-06 10:54:34,FALSE,NA,9.38361014642291E+017,NA,"<a href=""http://twitter.com/download/iphone"" rel=""nofollow"">Twitter for iPhone</a>",devrajgoel,12,TRUE,FALSE,NA,NA
6285,6285,RT @misskaul: Not just for the kids! #StopPollutionCrimes and allow us #MyRightToBreathe cc @drharshvardhan https://t.co/A3g0rVl41R,FALSE,0,NA,2017-12-06 10:43:50,FALSE,NA,9.38358313665774E+017,NA,"<a href=""http://twitter.com"" rel=""nofollow"">Twitter Web Client</a>",DelhiBreathe,12,TRUE,FALSE,NA,NA
6286,6286,Please cancel the #airpollutionextension @drharshvardhan and STOP POLLUTION CRIMES! All power plants should be upgr… https://t.co/YsxEIPQvzs,FALSE,0,NA,2017-12-06 10:38:13,TRUE,NA,9.38356902148395E+017,NA,"<a href=""http://twitter.com"" rel=""nofollow"">Twitter Web Client</a>",sunnyarya121,0,FALSE,FALSE,NA,NA
6287,6287,RT @misskaul: Not just for the kids! #StopPollutionCrimes and allow us #MyRightToBreathe cc @drharshvardhan https://t.co/A3g0rVl41R,FALSE,0,NA,2017-12-06 10:34:59,FALSE,NA,9.38356085102068E+017,NA,"<a href=""http://twitter.com"" rel=""nofollow"">Twitter Web Client</a>",AkshayBawa1,12,TRUE,FALSE,NA,NA
6288,6288,RT @misskaul: Not just for the kids! #StopPollutionCrimes and allow us #MyRightToBreathe cc @drharshvardhan https://t.co/A3g0rVl41R,FALSE,0,NA,2017-12-06 10:24:02,FALSE,NA,9.38353332854206E+017,NA,"<a href=""http://twitter.com/download/android"" rel=""nofollow"">Twitter for Android</a>",Physio_Shruti,12,TRUE,FALSE,NA,NA
6289,6289,RT @misskaul: Not just for the kids! #StopPollutionCrimes and allow us #MyRightToBreathe cc @drharshvardhan https://t.co/A3g0rVl41R,FALSE,0,NA,2017-12-06 10:15:09,FALSE,NA,9.38351093536326E+017,NA,"<a href=""http://twitter.com/download/android"" rel=""nofollow"">Twitter for Android</a>",hozmerc,12,TRUE,FALSE,NA,NA
6290,6290,RT @misskaul: Not just for the kids! #StopPollutionCrimes and allow us #MyRightToBreathe cc @drharshvardhan https://t.co/A3g0rVl41R,FALSE,0,NA,2017-12-06 10:03:43,FALSE,NA,9.38348219838317E+017,NA,"<a href=""http://twitter.com/download/iphone"" rel=""nofollow"">Twitter for iPhone</a>",rajneilkamath,12,TRUE,FALSE,NA,NA
6291,6291,Please cancel the #airpollutionextension @drharshvardhan and STOP POLLUTION CRIMES! All power plants should be upgr… https://t.co/njq34qD1o1,FALSE,0,NA,2017-12-06 10:00:50,TRUE,NA,9.38347491430318E+017,NA,"<a href=""http://twitter.com"" rel=""nofollow"">Twitter Web Client</a>",psn1946,0,FALSE,FALSE,NA,NA
6292,6292,Please cancel the #airpollutionextension @drharshvardhan and STOP POLLUTION CRIMES! All power plants should be upgr… https://t.co/TlHITkQxM7,FALSE,0,NA,2017-12-06 09:55:18,TRUE,NA,9.38346101517689E+017,NA,"<a href=""http://twitter.com/download/android"" rel=""nofollow"">Twitter for Android</a>",merryoga_in,0,FALSE,FALSE,NA,NA
6293,6293,RT @misskaul: Not just for the kids! #StopPollutionCrimes and allow us #MyRightToBreathe cc @drharshvardhan https://t.co/A3g0rVl41R,FALSE,0,NA,2017-12-06 09:54:25,FALSE,NA,9.38345875872428E+017,NA,"<a href=""http://twitter.com"" rel=""nofollow"">Twitter Web Client</a>",IMSahilBhalla,12,TRUE,FALSE,NA,NA
6294,6294,We want emission standards for coal power plants so that India can breathe cleaner air! @DrHarshVardhan @moefcc #MyRightToBreathe,FALSE,0,NA,2017-12-06 09:52:48,FALSE,NA,9.38345469113225E+017,NA,"<a href=""http://twitter.com/download/android"" rel=""nofollow"">Twitter for Android</a>",ayushjinks,0,FALSE,FALSE,NA,NA
6295,6295,Not just for the kids! #StopPollutionCrimes and allow us #MyRightToBreathe cc @drharshvardhan https://t.co/A3g0rVl41R,FALSE,12,NA,2017-12-06 09:52:23,FALSE,NA,9.38345366209966E+017,NA,"<a href=""http://twitter.com/download/iphone"" rel=""nofollow"">Twitter for iPhone</a>",misskaul,12,FALSE,FALSE,NA,NA
6296,6296,Please cancel the #airpollutionextension @drharshvardhan and STOP POLLUTION CRIMES! All power plants should be upgr… https://t.co/zD3rCU53wj,FALSE,1,NA,2017-12-06 09:38:28,TRUE,NA,9.3834186173902E+017,NA,"<a href=""http://twitter.com"" rel=""nofollow"">Twitter Web Client</a>",wisvesh,1,FALSE,FALSE,NA,NA
6297,6297,Please cancel the #airpollutionextension @drharshvardhan and STOP POLLUTION CRIMES! All power plants should be upgr… https://t.co/o2ci46ejdJ,FALSE,1,NA,2017-12-06 09:21:53,TRUE,NA,9.38337689438269E+017,NA,"<a href=""http://twitter.com/download/android"" rel=""nofollow"">Twitter for Android</a>",Vikas_rai94,0,FALSE,FALSE,NA,NA
6298,6298,Please cancel the #airpollutionextension @drharshvardhan and STOP POLLUTION CRIMES! All power plants should be upgr… https://t.co/EJM1O1KnvF,FALSE,1,NA,2017-12-06 09:15:01,TRUE,NA,9.3833596108732E+017,NA,"<a href=""http://twitter.com"" rel=""nofollow"">Twitter Web Client</a>",vishwasthetrust,0,FALSE,FALSE,NA,NA
6299,6299,"RT @manya_group: Manya-The Princeton Review coming out in support of #MyRightToBreathe . Delhi demands #cleanair 

#StopPollutionCrime #Del…",FALSE,0,NA,2017-12-06 09:12:42,FALSE,NA,9.38335380452995E+017,NA,"<a href=""http://twitter.com"" rel=""nofollow"">Twitter Web Client</a>",sherryfrosh,3,TRUE,FALSE,NA,NA
6300,6300,"RT @manya_group: Manya-The Princeton Review coming out in support of #MyRightToBreathe . Delhi demands #cleanair 

#StopPollutionCrime #Del…",FALSE,0,NA,2017-12-06 09:02:35,FALSE,NA,9.38332831507399E+017,NA,"<a href=""http://twitter.com"" rel=""nofollow"">Twitter Web Client</a>",Jhatkaa,3,TRUE,FALSE,NA,NA
6301,6301,Please cancel the #airpollutionextension @drharshvardhan and STOP POLLUTION CRIMES! All power plants should be upgr… https://t.co/eABeBu4Mb2,FALSE,0,NA,2017-12-06 08:59:29,TRUE,NA,9.38332054608945E+017,NA,"<a href=""http://twitter.com/download/android"" rel=""nofollow"">Twitter for Android</a>",saravananshc,0,FALSE,FALSE,NA,NA
6302,6302,Power plants must NOT be allowed to flout environmental regulations! Join me in asking @drharshvardhan to STOP POLL… https://t.co/uR2dIDo3Y2,FALSE,0,NA,2017-12-06 08:54:01,TRUE,NA,9.38330677946171E+017,NA,"<a href=""http://twitter.com"" rel=""nofollow"">Twitter Web Client</a>",DMelloNoah,1,FALSE,FALSE,NA,NA
6303,6303,RT @Jhatkaa: .@UNICEF report finds #airpollution can cause permanent damage to child's brain https://t.co/yIH90wBa17 #MyRighttoBreathe,FALSE,0,NA,2017-12-06 08:51:36,FALSE,NA,9.38330068857774E+017,NA,"<a href=""http://twitter.com"" rel=""nofollow"">Twitter Web Client</a>",sherryfrosh,1,TRUE,FALSE,NA,NA
6304,6304,Please cancel the #airpollutionextension @drharshvardhan and STOP POLLUTION CRIMES! All power plants should be upgr… https://t.co/PcFaxjNLLQ,FALSE,1,NA,2017-12-06 08:43:37,TRUE,NA,9.38328059073126E+017,NA,"<a href=""http://twitter.com"" rel=""nofollow"">Twitter Web Client</a>",mahawitter,0,FALSE,FALSE,NA,NA
6305,6305,.@UNICEF report finds #airpollution can cause permanent damage to child's brain https://t.co/yIH90wBa17 #MyRighttoBreathe,FALSE,1,NA,2017-12-06 08:41:42,FALSE,NA,9.38327577982202E+017,NA,"<a href=""http://twitter.com"" rel=""nofollow"">Twitter Web Client</a>",Jhatkaa,1,FALSE,FALSE,NA,NA
6306,6306,"""Humans are mortal. So are ideas. An idea needs propagation as much as a plant needs watering. Otherwise both will… https://t.co/a3PbmsXERj",FALSE,2,NA,2017-12-06 08:41:12,TRUE,NA,9.38327453038035E+017,NA,"<a href=""http://twitter.com"" rel=""nofollow"">Twitter Web Client</a>",CareForAirIndia,0,FALSE,FALSE,NA,NA
6307,6307,Please cancel the #airpollutionextension @drharshvardhan and STOP POLLUTION CRIMES! All power plants should be upgr… https://t.co/paYwfgpv9E,FALSE,2,NA,2017-12-06 08:34:59,TRUE,NA,9.38325885932913E+017,NA,"<a href=""http://twitter.com/download/android"" rel=""nofollow"">Twitter for Android</a>",GroverSahil1,0,FALSE,FALSE,NA,NA
6308,6308,Please cancel the #airpollutionextension @drharshvardhan and STOP POLLUTION CRIMES! All power plants should be upgr… https://t.co/wjU0j0uZUV,FALSE,0,NA,2017-12-06 08:29:49,TRUE,NA,9.38324588907205E+017,NA,"<a href=""http://twitter.com"" rel=""nofollow"">Twitter Web Client</a>",officialkunaal,0,FALSE,FALSE,NA,NA
6309,6309,Please cancel the #airpollutionextension @drharshvardhan and STOP POLLUTION CRIMES! All power plants should be upgr… https://t.co/IODhk7dl30,FALSE,0,NA,2017-12-06 08:29:23,TRUE,NA,9.38324477292659E+017,NA,"<a href=""http://twitter.com/download/android"" rel=""nofollow"">Twitter for Android</a>",Orgzit,0,FALSE,FALSE,NA,NA
6310,6310,Please cancel the #airpollutionextension @drharshvardhan and STOP POLLUTION CRIMES! All power plants should be upgr… https://t.co/eXM8ZA25Ik,FALSE,1,NA,2017-12-06 08:27:27,TRUE,NA,9.38323992322048E+017,NA,"<a href=""http://twitter.com/download/android"" rel=""nofollow"">Twitter for Android</a>",MuditSharmaLive,0,FALSE,FALSE,NA,NA
6311,6311,Please cancel the #airpollutionextension @drharshvardhan and STOP POLLUTION CRIMES! All power plants should be upgr… https://t.co/AqeBUzpfYi,FALSE,1,NA,2017-12-06 08:22:23,TRUE,NA,9.38322715307418E+017,NA,"<a href=""http://twitter.com"" rel=""nofollow"">Twitter Web Client</a>",AnnadaCosta,0,FALSE,FALSE,NA,NA
6312,6312,Please cancel the #airpollutionextension @drharshvardhan and STOP POLLUTION CRIMES! All power plants should be upgr… https://t.co/zRDLIEqUCe,FALSE,0,NA,2017-12-06 08:20:01,TRUE,NA,9.3832212248868E+017,NA,"<a href=""http://twitter.com"" rel=""nofollow"">Twitter Web Client</a>",pmsaha,0,FALSE,FALSE,NA,NA
6313,6313,Please cancel the #airpollutionextension @drharshvardhan and STOP POLLUTION CRIMES! All power plants should be upgr… https://t.co/MIykWyop9C,FALSE,1,NA,2017-12-06 08:17:43,TRUE,NA,9.38321542181675E+017,NA,"<a href=""http://twitter.com/download/android"" rel=""nofollow"">Twitter for Android</a>",ojojojoo,0,FALSE,FALSE,NA,NA
6314,6314,We want emission standards for coal power plants so that India can breathe cleaner air! @DrHarshVardhan @moefcc #MyRightToBreathe,FALSE,0,NA,2017-12-06 08:03:23,FALSE,NA,9.38317934459363E+017,NA,"<a href=""http://twitter.com/download/android"" rel=""nofollow"">Twitter for Android</a>",OllieTruly,0,FALSE,FALSE,NA,NA
6315,6315,We want emission standards for coal power plants so that India can breathe cleaner air! @DrHarshVardhan @moefcc… https://t.co/Sbyce7ei1B,FALSE,0,NA,2017-12-06 08:03:14,TRUE,NA,9.3831789658078E+017,NA,"<a href=""http://twitter.com/download/android"" rel=""nofollow"">Twitter for Android</a>",OllieTruly,0,FALSE,FALSE,NA,NA
6316,6316,Manya-The Princeton Review coming out in support of #MyRightToBreathe . Delhi demands #cleanair… https://t.co/p5xoK83iFf,FALSE,5,NA,2017-12-06 07:49:59,TRUE,NA,9.38314563203805E+017,NA,"<a href=""http://twitter.com"" rel=""nofollow"">Twitter Web Client</a>",manya_group,3,FALSE,FALSE,NA,NA
6317,6317,"Choking Delhi has not registered a single case against air polluters in the last three years.
@ArvindKejriwal… https://t.co/imRhXplFqZ",FALSE,8,NA,2017-12-06 06:38:39,TRUE,NA,9.38296613273002E+017,NA,"<a href=""http://twitter.com/download/iphone"" rel=""nofollow"">Twitter for iPhone</a>",Geeta_Mohan,1,FALSE,FALSE,NA,NA
6318,6318,We want emission standards for coal power plants so that India can breathe cleaner air! @DrHarshVardhan @moefcc #MyRightToBreathe,FALSE,1,NA,2017-12-06 06:16:42,FALSE,NA,9.38291089353699E+017,NA,"<a href=""http://twitter.com/download/android"" rel=""nofollow"">Twitter for Android</a>",AnshulPatel001,0,FALSE,FALSE,NA,NA
6319,6319,We want emission standards for coal power plants so that India can breathe cleaner air! @DrHarshVardhan @moefcc #MyRightToBreathe,FALSE,3,NA,2017-12-06 06:11:19,FALSE,NA,9.38289733263921E+017,NA,"<a href=""http://twitter.com/download/android"" rel=""nofollow"">Twitter for Android</a>",aadarsh_pandey_,0,FALSE,FALSE,NA,NA
6320,6320,"RT @greenpeaceindia: Every third child in Delhi has damaged lungs. Air pollution causes 30% deaths in India 
#MyRightToBreathe
#AirPollutio…",FALSE,0,NA,2017-12-06 06:08:48,FALSE,NA,9.38289099449958E+017,NA,"<a href=""http://twitter.com/download/iphone"" rel=""nofollow"">Twitter for iPhone</a>",KerriLRhodes,65,TRUE,FALSE,NA,NA
6321,6321,Join the national campaign asking @drharshvardhan to hold coal power plants accountable for their emissions. 10 lak… https://t.co/Ph8W34G4Os,FALSE,15,NA,2017-12-06 05:40:18,TRUE,NA,9.38281926930117E+017,NA,"<a href=""http://twitter.com/download/iphone"" rel=""nofollow"">Twitter for iPhone</a>",karunaparikh,7,FALSE,FALSE,NA,NA
6322,6322,Email environment minister @drharshvardhan now asking for stringent measures against coal power plants that pollute… https://t.co/emskUte3Pm,FALSE,11,NA,2017-12-06 05:35:37,TRUE,NA,9.38280748532076E+017,NA,"<a href=""http://twitter.com"" rel=""nofollow"">Twitter Web Client</a>",greenpeaceindia,16,FALSE,FALSE,NA,NA
6323,6323,#DidYouKnow that the Delhi Government has banned fire crackers for non-religious purposes? Say no to crackers and m… https://t.co/g0HzPB1yHZ,FALSE,8,NA,2017-12-06 05:28:39,TRUE,NA,9.38278994679607E+017,NA,"<a href=""http://twitter.com"" rel=""nofollow"">Twitter Web Client</a>",fortis_hospital,7,FALSE,FALSE,NA,NA
6324,6324,#DidYouKnow that the Delhi Government has banned fire crackers for non-religious purposes? Say no to crackers and m… https://t.co/LuWDpdbz0Z,FALSE,3,NA,2017-12-06 05:26:37,TRUE,NA,9.38278482202845E+017,NA,"<a href=""http://twitter.com"" rel=""nofollow"">Twitter Web Client</a>",fortis_hospital,3,FALSE,FALSE,NA,NA
6325,6325,Please cancel the #airpollutionextension @drharshvardhan and STOP POLLUTION CRIMES! All power plants should be upgr… https://t.co/ayx5VgVZjK,FALSE,0,NA,2017-12-06 05:07:48,TRUE,NA,9.38273747261362E+017,NA,"<a href=""http://twitter.com"" rel=""nofollow"">Twitter Web Client</a>",divn9,1,FALSE,FALSE,NA,NA
6326,6326,"@drharshvardhan please cancel the #airpollutionextension and 
STOP POLLUTION CRIMES! All power plants should be upg… https://t.co/B7Abo2PT8r",FALSE,0,drharshvardhan,2017-12-06 05:05:40,TRUE,NA,9.38273209333449E+017,77732185,"<a href=""http://twitter.com/download/android"" rel=""nofollow"">Twitter for Android</a>",ravinarajkohli,0,FALSE,FALSE,NA,NA
6327,6327,RT @DelhiBreathe: Delhi citizens are asking @moefcc @drharshvardhan to STOP POLLUTION CRIMES! India NEEDS CLEAN AIR #MyRightToBreathe Have…,FALSE,0,NA,2017-12-06 02:52:05,FALSE,NA,9.38239593396175E+017,NA,"<a href=""http://twitter.com/download/android"" rel=""nofollow"">Twitter for Android</a>",jaiminbhatt11,8,TRUE,FALSE,NA,NA
6328,6328,Power plants must NOT be allowed to flout environmental regulations! Join me in asking @drharshvardhan to STOP POLL… https://t.co/PK32PkKvfD,FALSE,0,NA,2017-12-06 02:51:08,TRUE,NA,9.38239355566437E+017,NA,"<a href=""http://twitter.com"" rel=""nofollow"">Twitter Web Client</a>",divn9,0,FALSE,FALSE,NA,NA
6329,6329,RT @DelhiBreathe: Delhi citizens are asking @moefcc @drharshvardhan to STOP POLLUTION CRIMES! India NEEDS CLEAN AIR #MyRightToBreathe Have…,FALSE,0,NA,2017-12-06 02:17:27,FALSE,NA,9.38230878299341E+017,NA,"<a href=""http://twitter.com/download/android"" rel=""nofollow"">Twitter for Android</a>",Sree_mangalan5,8,TRUE,FALSE,NA,NA
6330,6330,@moefcc needs to ensure all coal plants follow stricter emission norms. SIGN the petition asking @drharshvardhan to… https://t.co/pjPnreurM3,FALSE,0,moefcc,2017-12-06 02:09:00,TRUE,NA,9.38228749585212E+017,2615251201,"<a href=""http://twitter.com/download/iphone"" rel=""nofollow"">Twitter for iPhone</a>",pryankk,0,FALSE,FALSE,NA,NA
6331,6331,"#delhismog  #DelhiChokes
#delhiairpollution #OddEven
#letdelhibreathe #MyRightToBreathe
#saveDelhi #delhi #smog… https://t.co/fWLY2wprM8",FALSE,1,NA,2017-12-06 02:06:57,TRUE,NA,9.38228235057242E+017,NA,"<a href=""http://twitter.com/download/iphone"" rel=""nofollow"">Twitter for iPhone</a>",Nosk_India,0,FALSE,FALSE,NA,NA
6332,6332,We want emission standards for coal power plants so that India can breathe cleaner air! @DrHarshVardhan @moefcc #MyRightToBreathe,FALSE,0,NA,2017-12-06 00:55:19,FALSE,NA,9.38210207137534E+017,NA,"<a href=""http://twitter.com"" rel=""nofollow"">Twitter Web Client</a>",moorthy_amathur,0,FALSE,FALSE,NA,NA
6333,6333,RT @iratrivedi: This is truly an embarrassment for a country striving to be world class. #DelhiAirPollution #MyRightToBreathe https://t.co/…,FALSE,0,NA,2017-12-05 17:51:06,FALSE,NA,9.38103450209894E+017,NA,"<a href=""http://twitter.com/download/android"" rel=""nofollow"">Twitter for Android</a>",anjalirai427,3,TRUE,FALSE,NA,NA
6334,6334,This is truly an embarrassment for a country striving to be world class. #DelhiAirPollution #MyRightToBreathe https://t.co/VT2BKe2ldd,FALSE,13,NA,2017-12-05 17:50:31,FALSE,NA,9.38103303132664E+017,NA,"<a href=""http://twitter.com/download/iphone"" rel=""nofollow"">Twitter for iPhone</a>",iratrivedi,3,FALSE,FALSE,NA,NA
6335,6335,"RT @airqualityindia: When cricket meets #airquality 

#IndiaAQ #MyRightToBreathe https://t.co/AcVIpLtkoI https://t.co/emG87ByFfD",FALSE,0,NA,2017-12-05 17:50:03,FALSE,NA,9.38103188049289E+017,NA,"<a href=""https://mobile.twitter.com"" rel=""nofollow"">Twitter Lite</a>",gamelmag,2,TRUE,FALSE,NA,NA
6336,6336,"RT @airqualityindia: When cricket meets #airquality 

#IndiaAQ #MyRightToBreathe https://t.co/AcVIpLtkoI https://t.co/emG87ByFfD",FALSE,0,NA,2017-12-05 17:36:34,FALSE,NA,9.38099793976586E+017,NA,"<a href=""http://twitter.com"" rel=""nofollow"">Twitter Web Client</a>",weatherwaalah,2,TRUE,FALSE,NA,NA
6337,6337,"When cricket meets #airquality 

#IndiaAQ #MyRightToBreathe https://t.co/AcVIpLtkoI https://t.co/emG87ByFfD",FALSE,0,NA,2017-12-05 17:34:17,FALSE,NA,9.38099217893118E+017,NA,"<a href=""http://publicize.wp.com/"" rel=""nofollow"">WordPress.com</a>",airqualityindia,2,FALSE,FALSE,NA,NA
6338,6338,"""Tackling #pollution is key to achieving the 17 Sustainable Development Goals. If we can’t #BeatPollution we can’t… https://t.co/w5bD4sMdcZ",FALSE,0,NA,2017-12-05 17:03:24,TRUE,NA,9.38091445088588E+017,NA,"<a href=""http://twitter.com"" rel=""nofollow"">Twitter Web Client</a>",kwkabuthia,0,FALSE,FALSE,NA,NA
6339,6339,"Delhi air pollution: NGT pulls up AAP govt for not filing action plan, holding India-Sri Lanka Test… https://t.co/UTJHAaR82e",FALSE,4,NA,2017-12-05 16:06:04,TRUE,NA,9.38077016968098E+017,NA,"<a href=""http://bufferapp.com"" rel=""nofollow"">Buffer</a>",airqualityindia,3,FALSE,FALSE,NA,NA
6340,6340,"Totally agree - ""Political leadership + bold action + global instruments + pacts with business and civil society is… https://t.co/oIt6l4BrGf",FALSE,0,NA,2017-12-05 15:47:43,TRUE,NA,9.38072401421701E+017,NA,"<a href=""http://twitter.com"" rel=""nofollow"">Twitter Web Client</a>",kwkabuthia,0,FALSE,FALSE,NA,NA
6341,6341,@i_Chanakya @sambitswaraj @News18India @BJPLive I can't believe any1 has voted them for polluted air and health problems #MyRightToBreathe,FALSE,0,i_Chanakya,2017-12-05 15:19:16,FALSE,9.38063905376551E+017,9.38065241950192E+017,8.29219886094234E+017,"<a href=""http://twitter.com"" rel=""nofollow"">Twitter Web Client</a>",whyplantnow,0,FALSE,FALSE,NA,NA
6342,6342,#myrighttobreathe https://t.co/PYuzgecfUQ,FALSE,1,NA,2017-12-05 13:58:07,FALSE,NA,9.38044817644253E+017,NA,"<a href=""https://mobile.twitter.com"" rel=""nofollow"">Twitter Lite</a>",Akashlina4,0,FALSE,FALSE,NA,NA
6343,6343,RT @DelhiBreathe: Delhi citizens are asking @moefcc @drharshvardhan to STOP POLLUTION CRIMES! India NEEDS CLEAN AIR #MyRightToBreathe Have…,FALSE,0,NA,2017-12-05 13:34:06,FALSE,NA,9.38038776672039E+017,NA,"<a href=""http://twitter.com/download/android"" rel=""nofollow"">Twitter for Android</a>",anisha21096,8,TRUE,FALSE,NA,NA
6344,6344,"RT @Jhatkaa: Only 1 day to go before we hand deliver signatures to @drharshvardhan 
SIGN NOW! https://t.co/nBPJIwccs3 #MyRighttoBreathe htt…",FALSE,0,NA,2017-12-05 13:28:26,FALSE,NA,9.38037350008988E+017,NA,"<a href=""http://twitter.com"" rel=""nofollow"">Twitter Web Client</a>",sherryfrosh,1,TRUE,FALSE,NA,NA
6345,6345,#AirPollution is a silent killer that impacts every one. SIGN the petition https://t.co/nBPJIwccs3 asking… https://t.co/CK0VU4xKRx,FALSE,0,NA,2017-12-05 12:34:34,TRUE,NA,9.38023794882441E+017,NA,"<a href=""http://twitter.com"" rel=""nofollow"">Twitter Web Client</a>",Jhatkaa,0,FALSE,FALSE,NA,NA
6346,6346,"Only 1 day to go before we hand deliver signatures to @drharshvardhan 
SIGN NOW! https://t.co/nBPJIwccs3… https://t.co/IoWK9R6Wna",FALSE,0,NA,2017-12-05 12:33:22,TRUE,NA,9.38023490359247E+017,NA,"<a href=""http://twitter.com"" rel=""nofollow"">Twitter Web Client</a>",Jhatkaa,1,FALSE,FALSE,NA,NA
6347,6347,".Power plants must NOT be allowed to flout environmental
regulations! Join me in asking @drharshvardhan to STOP
POL… https://t.co/7sesF1CCIk",FALSE,4,NA,2017-12-05 12:18:40,TRUE,NA,9.3801979023224E+017,NA,"<a href=""http://twitter.com"" rel=""nofollow"">Twitter Web Client</a>",3MinLife,9,FALSE,FALSE,NA,NA
6348,6348,<U+0915><U+093E><U+0928><U+092A><U+0941><U+0930> <U+0928><U+0917><U+0930> <U+0915><U+0947> <U+091B><U+093E><U+0924><U+094D><U+0930> <U+0924><U+0925><U+093E> <U+092A><U+094D><U+0930><U+092C><U+0941><U+0926><U+094D><U+0927> <U+0935><U+0930><U+094D><U+0917> <U+0928><U+0947> 8  <U+0926><U+093F><U+0938><U+0902><U+092C><U+0930> <U+0915><U+094B> NGT <U+0926><U+094D><U+0935><U+093E><U+0930><U+093E> <U+0925><U+0930><U+094D><U+092E><U+0932> <U+092A><U+093E><U+0935><U+0930> <U+092A><U+094D><U+0932><U+093E><U+0902><U+091F> <U+0915><U+0947> <U+0909><U+0924><U+094D><U+0938><U+0930><U+094D><U+091C><U+0928> <U+092E><U+093E><U+0928><U+0915><U+094B><U+0902> <U+092A><U+0947> <U+0926><U+093F><U+090F> <U+091C><U+093E><U+0928><U+0947>… https://t.co/hCk4gcj20H,FALSE,1,NA,2017-12-05 12:07:05,TRUE,NA,9.38016877896335E+017,NA,"<a href=""http://twitter.com/download/android"" rel=""nofollow"">Twitter for Android</a>",Smukesh17072,1,FALSE,FALSE,NA,NA
6349,6349,@drharshvardhan please cancel the #airpollutionextension and STOP POLLUTION CRIMES! All power plants should be upgr… https://t.co/B5pvxKP1KT,FALSE,0,drharshvardhan,2017-12-05 12:01:41,TRUE,NA,9.38015517121569E+017,77732185,"<a href=""http://twitter.com"" rel=""nofollow"">Twitter Web Client</a>",aishwarya_dp,0,FALSE,FALSE,NA,NA
6350,6350,Auto drivers in Delhi are one of the most vulnerable to #airpollution. They are demanding @moefcc @drharshvardhan S… https://t.co/HE8qk44hoi,FALSE,6,NA,2017-12-05 11:44:01,TRUE,NA,9.38011073210225E+017,NA,"<a href=""http://twitter.com"" rel=""nofollow"">Twitter Web Client</a>",DelhiBreathe,5,FALSE,FALSE,NA,NA
6351,6351,@drharshvardhan please cancel the #airpollutionextension and STOP POLLUTION CRIMES! All power plants should be upgr… https://t.co/WWjt3Dkfl7,FALSE,0,drharshvardhan,2017-12-05 11:43:05,TRUE,NA,9.38010835477086E+017,77732185,"<a href=""http://twitter.com"" rel=""nofollow"">Twitter Web Client</a>",AbhinaVegan,0,FALSE,FALSE,NA,NA
6352,6352,RT @DelhiBreathe: Delhi citizens are asking @moefcc @drharshvardhan to STOP POLLUTION CRIMES! India NEEDS CLEAN AIR #MyRightToBreathe Have…,FALSE,0,NA,2017-12-05 11:23:12,FALSE,NA,9.38005832838431E+017,NA,"<a href=""http://twitter.com/download/android"" rel=""nofollow"">Twitter for Android</a>",niraj_PEN,8,TRUE,FALSE,NA,NA
6353,6353,RT @DelhiBreathe: Delhi citizens are asking @moefcc @drharshvardhan to STOP POLLUTION CRIMES! India NEEDS CLEAN AIR #MyRightToBreathe Have…,FALSE,0,NA,2017-12-05 11:22:46,FALSE,NA,9.3800572346776E+017,NA,"<a href=""http://twitter.com"" rel=""nofollow"">Twitter Web Client</a>",greenpeaceindia,8,TRUE,FALSE,NA,NA
6354,6354,Oh come on! It’s not as bad as it was during Bhopal gas tragedy. These anti national news papers have an ulterior m… https://t.co/UVkUytTDDd,FALSE,0,NA,2017-12-05 11:17:12,TRUE,NA,9.380043233966E+017,NA,"<a href=""http://twitter.com/download/iphone"" rel=""nofollow"">Twitter for iPhone</a>",Brikesh,1,FALSE,FALSE,NA,NA
6355,6355,@drharshvardhan please support #MyRightToBreathe and STOP POLLUTION CRIMES. Please implement stringent emission norms. We deserve #cleanair,FALSE,0,drharshvardhan,2017-12-05 11:04:30,FALSE,NA,9.38001128054129E+017,77732185,"<a href=""http://twitter.com/download/android"" rel=""nofollow"">Twitter for Android</a>",Shantz66,0,FALSE,FALSE,NA,NA
6356,6356,"RT @netra2weets: <U+0915><U+0941><U+091B> <U+0907><U+0938> <U+0924><U+0930><U+0939> <U+092E><U+0948><U+0902><U+0928><U+0947> <U+091C><U+093C><U+093F><U+0928><U+094D><U+0926><U+0917><U+0940> <U+0915><U+094B> <U+0906><U+0938><U+093E><U+0928> <U+0915><U+0930> <U+0926><U+093F><U+092F><U+093E>,
<U+0915><U+093F><U+0938><U+0940> <U+0938><U+0947> <U+092E><U+093E><U+092B><U+093C><U+0940> <U+092E><U+093E><U+0902><U+0917> <U+0932><U+0940>.....
<U+0924><U+094B> <U+0915><U+093F><U+0938><U+0940> <U+0915><U+094B> <U+092E><U+093E><U+092B><U+093C> <U+0915><U+0930> <U+0926><U+093F><U+092F><U+093E>... <ed><U+00A0><U+00BD><ed><U+00B9><U+008F><ed><U+00A0><U+00BD><ed><U+00B9><U+008F>
<ed><U+00A0><U+00BD><ed><U+00B8><U+008E><ed><U+00A0><U+00BD><ed><U+00B8><U+008E><ed><U+00A0><U+00BD><ed><U+00B8><U+0087><ed><U+00A0><U+00BD><ed><U+00B8><U+0087>
#MyRightToBreathe…",FALSE,0,NA,2017-12-05 09:59:07,FALSE,NA,9.37984673845617E+017,NA,"<a href=""http://twitter.com/download/iphone"" rel=""nofollow"">Twitter for iPhone</a>",AuthorRajiv52,11,TRUE,FALSE,NA,NA
6357,6357,We want emission standards for coal power plants so that India can breathe cleaner air! @DrHarshVardhan @moefcc #MyRightToBreathe,FALSE,2,NA,2017-12-05 09:50:20,FALSE,NA,9.3798246012971E+017,NA,"<a href=""http://twitter.com/download/android"" rel=""nofollow"">Twitter for Android</a>",hamsinishankar,1,FALSE,FALSE,NA,NA
6358,6358,"#WhatToDo on polluted days? A few tips that can help you survive the #airpollutionkill 

Click on the link to zoom… https://t.co/t7p0xlbo48",FALSE,11,NA,2017-12-05 09:41:14,TRUE,NA,9.37980173193962E+017,NA,"<a href=""http://twitter.com"" rel=""nofollow"">Twitter Web Client</a>",CSEINDIA,5,FALSE,FALSE,NA,NA
6359,6359,"#myrighttobreathe 
#DelhiSmog can be reduced by growing trees!! https://t.co/r2sPAEoqLD",FALSE,0,NA,2017-12-05 09:33:25,FALSE,NA,9.37978203842294E+017,NA,"<a href=""https://mobile.twitter.com"" rel=""nofollow"">Twitter Lite</a>",ClayGaneshIdols,0,FALSE,FALSE,NA,NA
6360,6360,I demand a STOP TO POLLUTION CRIMES! #Power plants MUST NOT BE ALLOWED to flout environment regulations for coal ba… https://t.co/xZAnAh43tm,FALSE,6,NA,2017-12-05 09:32:54,TRUE,NA,9.37978074368393E+017,NA,"<a href=""http://twitter.com"" rel=""nofollow"">Twitter Web Client</a>",Sunil_S_Dahiya,3,FALSE,FALSE,NA,NA
6361,6361,@DelhiBreathe @drharshvardhan Grow trees !!! #myrighttobreathe https://t.co/M0SHPsumzC,FALSE,1,DelhiBreathe,2017-12-05 09:30:55,FALSE,9.37602427280171E+017,9.37977576298918E+017,4746367610,"<a href=""https://mobile.twitter.com"" rel=""nofollow"">Twitter Lite</a>",ClayGaneshIdols,0,FALSE,FALSE,NA,NA
6362,6362,Residents of Varanasi ask @drharshvardhan to put citizens first and enforce stricter emission standard for coal pla… https://t.co/MHN9Ery3wZ,FALSE,1,NA,2017-12-05 09:29:41,TRUE,NA,9.3797726417979E+017,NA,"<a href=""https://mobile.twitter.com"" rel=""nofollow"">Twitter Lite</a>",Care4air,1,FALSE,FALSE,NA,NA
6363,6363,"The @moefcc needs to ensure all coal plants follow emission
norms. SIGN the petition asking @drharshvardhan to STOP… https://t.co/XCxwb7EyTl",FALSE,0,NA,2017-12-05 09:29:01,TRUE,NA,9.37977099230556E+017,NA,"<a href=""https://about.twitter.com/products/tweetdeck"" rel=""nofollow"">TweetDeck</a>",Haiyya_Act,0,FALSE,FALSE,NA,NA
6364,6364,"Couldn't agree more - ""If we want to engage with citizens on the #environment we need to change our language, to dr… https://t.co/eOb6QNUVa6",FALSE,0,NA,2017-12-05 09:18:10,TRUE,NA,9.37974368898044E+017,NA,"<a href=""http://twitter.com"" rel=""nofollow"">Twitter Web Client</a>",kwkabuthia,0,FALSE,FALSE,NA,NA
6365,6365,RT @DelhiBreathe: Delhi citizens are asking @moefcc @drharshvardhan to STOP POLLUTION CRIMES! India NEEDS CLEAN AIR #MyRightToBreathe Have…,FALSE,0,NA,2017-12-05 09:02:20,FALSE,NA,9.3797038096212E+017,NA,"<a href=""http://twitter.com/download/android"" rel=""nofollow"">Twitter for Android</a>",OllieTruly,8,TRUE,FALSE,NA,NA
6366,6366,RT @DelhiBreathe: Delhi citizens are asking @moefcc @drharshvardhan to STOP POLLUTION CRIMES! India NEEDS CLEAN AIR #MyRightToBreathe Have…,FALSE,0,NA,2017-12-05 09:01:11,FALSE,NA,9.3797009318672E+017,NA,"<a href=""https://mobile.twitter.com"" rel=""nofollow"">Twitter Lite</a>",MistSunny,8,TRUE,FALSE,NA,NA
6367,6367,Air Pollution In India - Think Beyond Delhi And Beyond Winter : @shahzadgani &amp; @pallavipnt… https://t.co/FbjvPIiN4y,FALSE,4,NA,2017-12-05 09:00:44,TRUE,NA,9.37969979047236E+017,NA,"<a href=""http://bufferapp.com"" rel=""nofollow"">Buffer</a>",airqualityindia,6,FALSE,FALSE,NA,NA
6368,6368,Delhi citizens are asking @moefcc @drharshvardhan to STOP POLLUTION CRIMES! India NEEDS CLEAN AIR #MyRightToBreathe… https://t.co/Sn4SXJWxtO,FALSE,7,NA,2017-12-05 08:55:14,TRUE,NA,9.37968597338436E+017,NA,"<a href=""http://twitter.com"" rel=""nofollow"">Twitter Web Client</a>",DelhiBreathe,8,FALSE,FALSE,NA,NA
6369,6369,"""We're facing an ocean Armageddon. The problem is enormous, but the solutions are straightforward."" @ErikSolheim… https://t.co/Qb7Xr606WE",FALSE,0,NA,2017-12-05 08:54:02,TRUE,NA,9.37968291762622E+017,NA,"<a href=""http://twitter.com"" rel=""nofollow"">Twitter Web Client</a>",kwkabuthia,0,FALSE,FALSE,NA,NA
6370,6370,"The end-solution is to stop the application of technologies which promotes coal burning. Eg, Hotmix process of road… https://t.co/0aKu3f9CIw",FALSE,3,NA,2017-12-05 08:46:31,TRUE,NA,9.37966402362847E+017,NA,"<a href=""http://twitter.com"" rel=""nofollow"">Twitter Web Client</a>",Bitchem_SM,1,FALSE,FALSE,NA,NA
6371,6371,@NBTDilli <U+0915><U+094B><U+0908> <U+092D><U+0940> <U+0938><U+0930><U+0915><U+093E><U+0930> <U+091C><U+093F><U+092E><U+094D><U+092E><U+0947><U+0926><U+093E><U+0930><U+0940> <U+0909><U+0920><U+093E><U+0928><U+0947> <U+0915><U+094B> <U+0924><U+0948><U+092F><U+093E><U+0930> <U+0928><U+0939><U+0940><U+0902> <U+0939><U+0948> <U+0914><U+0930> <U+092F><U+0939><U+093E><U+0901> <U+0926><U+093F><U+0932><U+094D><U+0932><U+0940> <U+0935><U+093E><U+0932><U+094B><U+0902> <U+0915><U+094B> <U+092E><U+0930><U+0928><U+0947> <U+0915><U+0947> <U+0932><U+093F><U+090F> <U+091B><U+094B><U+0921><U+093C> <U+0926><U+093F><U+092F><U+093E> <U+0939><U+0948> <U+0964><U+0905><U+092C> <U+0905><U+0902><U+0924><U+0930><U+094D>… https://t.co/vYDm1THp5C,FALSE,0,NBTDilli,2017-12-05 08:42:30,TRUE,9.37959881805513E+017,9.37965392722645E+017,150220875,"<a href=""http://twitter.com/download/android"" rel=""nofollow"">Twitter for Android</a>",gauravchandna07,1,FALSE,FALSE,NA,NA
6372,6372,It is baffling that this game is still in play! the air quality in Delhi is hazardous period! We are slow to implem… https://t.co/hO828xE687,FALSE,7,NA,2017-12-05 08:31:54,TRUE,NA,9.37962722217534E+017,NA,"<a href=""http://twitter.com/download/iphone"" rel=""nofollow"">Twitter for iPhone</a>",sahil_sangha,5,FALSE,FALSE,NA,NA
6373,6373,"#delhismog  #DelhiChokes
#delhiairpollution #OddEven
#letdelhibreathe #MyRightToBreathe
#saveDelhi #delhi #smog… https://t.co/blVe6kUIzM",FALSE,0,NA,2017-12-05 08:27:18,TRUE,NA,9.37961567970193E+017,NA,"<a href=""http://twitter.com/download/iphone"" rel=""nofollow"">Twitter for iPhone</a>",Nosk_India,0,FALSE,FALSE,NA,NA
6374,6374,Power plants must NOT be allowed to flout environmental regulations! Join us in asking @drharshvardhan to STOP POLL… https://t.co/5T9YBFOuaq,FALSE,17,NA,2017-12-05 08:20:22,TRUE,NA,9.37959821185184E+017,NA,"<a href=""http://twitter.com"" rel=""nofollow"">Twitter Web Client</a>",greenpeaceindia,17,FALSE,FALSE,NA,NA
6375,6375,ok thats great @drharshvardhan So what are you doing about the pollution in Delhi #AirPollution @Brikesh… https://t.co/pDh0qedtpW,FALSE,0,NA,2017-12-05 08:10:57,TRUE,NA,9.37957451764077E+017,NA,"<a href=""http://twitter.com"" rel=""nofollow"">Twitter Web Client</a>",NehaSaigal24,1,FALSE,FALSE,NA,NA
6376,6376,Lucknow residents urge @drharshvardhan to cancel the #airpollutionextension and STOP POLLUTION CRIMES! All power pl… https://t.co/9oo0gbkXiL,FALSE,1,NA,2017-12-05 08:00:11,TRUE,NA,9.37954741983891E+017,NA,"<a href=""http://www.hootsuite.com"" rel=""nofollow"">Hootsuite</a>",CEED_India,1,FALSE,FALSE,NA,NA
6377,6377,Please cancel the #airpollutionextension @drharshvardhan and STOP POLLUTION CRIMES! All power plants should be upgr… https://t.co/enGOTX9cuh,FALSE,0,NA,2017-12-05 07:29:17,TRUE,NA,9.37946964737401E+017,NA,"<a href=""http://twitter.com"" rel=""nofollow"">Twitter Web Client</a>",Pradeep01R,0,FALSE,FALSE,NA,NA
6378,6378,Citizens outside one of the most polluting power plants have a message for @drharshvardhan @ArvindKejriwal. Please… https://t.co/yu9tTwoMuK,FALSE,7,NA,2017-12-05 07:28:11,TRUE,NA,9.37946688848675E+017,NA,"<a href=""http://twitter.com/download/iphone"" rel=""nofollow"">Twitter for iPhone</a>",Brikesh,14,FALSE,FALSE,NA,NA
6379,6379,"RT @airqualityindia: The history of how Delhi’s air pollution got so toxic
 https://t.co/wgypES4PDa 

#IndiaAQ #myrighttobreathe https://t.…",FALSE,0,NA,2017-12-05 07:25:35,FALSE,NA,9.37946035963379E+017,NA,"<a href=""http://twitter.com/download/android"" rel=""nofollow"">Twitter for Android</a>",dhimansaurabh,6,TRUE,FALSE,NA,NA
6380,6380,Please cancel the #airpollutionextension @drharshvardhan and STOP POLLUTION CRIMES! All power plants should be upgr… https://t.co/IdJXDj0X0a,FALSE,11,NA,2017-12-05 07:24:12,TRUE,NA,9.37945687601189E+017,NA,"<a href=""http://twitter.com"" rel=""nofollow"">Twitter Web Client</a>",greenlovita,6,FALSE,FALSE,NA,NA
6381,6381,Please cancel the #airpollutionextension @drharshvardhan and STOP POLLUTION CRIMES! #CleanAirSummit… https://t.co/gj2ANgYdbO,FALSE,0,NA,2017-12-05 07:22:56,TRUE,NA,9.37945368020492E+017,NA,"<a href=""http://twitter.com"" rel=""nofollow"">Twitter Web Client</a>",sherryfrosh,0,FALSE,FALSE,NA,NA
6382,6382,"RT @greenpeaceindia: Air Pollution In India - Think Beyond Delhi And Beyond Winter https://t.co/p1L3G9WnIA via @ndtv
#MyRightToBreathe",FALSE,0,NA,2017-12-05 07:22:30,FALSE,NA,9.37945260478435E+017,NA,"<a href=""http://twitter.com/download/android"" rel=""nofollow"">Twitter for Android</a>",anindya1969goju,9,TRUE,FALSE,NA,NA
6383,6383,Please cancel the #airpollutionextension @drharshvardhan and STOP POLLUTION CRIMES! #CleanAirSummit… https://t.co/86mN8kHSBN,FALSE,0,NA,2017-12-05 07:21:28,TRUE,NA,9.37944997218861E+017,NA,"<a href=""http://twitter.com"" rel=""nofollow"">Twitter Web Client</a>",sherryfrosh,0,FALSE,FALSE,NA,NA
6384,6384,We want emission standards for coal power plants so that India can breathe cleaner air! @DrHarshVardhan @moefcc #MyRightToBreathe,FALSE,0,NA,2017-12-05 07:14:56,FALSE,NA,9.37943354465141E+017,NA,"<a href=""http://twitter.com/download/iphone"" rel=""nofollow"">Twitter for iPhone</a>",Ajit_Uniyal,0,FALSE,FALSE,NA,NA
6385,6385,"@imVkohli Its just not Delhi, this problem has to be solve whole over India and World.  Smoking is one of the Worst… https://t.co/1pbE92u9bu",FALSE,1,imVkohli,2017-12-05 07:11:37,TRUE,9.30856114186478E+017,9.37942519182062E+017,71201743,"<a href=""http://twitter.com"" rel=""nofollow"">Twitter Web Client</a>",plus530,0,FALSE,FALSE,NA,NA
6386,6386,Please cancel the #airpollutionextension @drharshvardhan and STOP POLLUTION CRIMES! All power plants should be upgr… https://t.co/jkhfwQrn1o,FALSE,4,NA,2017-12-05 07:11:29,TRUE,NA,9.37942487330521E+017,NA,"<a href=""http://twitter.com"" rel=""nofollow"">Twitter Web Client</a>",Jhatkaa,8,FALSE,FALSE,NA,NA
6387,6387,The @moefcc needs to ensure all coal plants follow emission norms. SIGN the petition asking @drharshvardhan to STOP… https://t.co/Rf485O3bCQ,FALSE,1,NA,2017-12-05 07:10:28,TRUE,NA,9.37942228609122E+017,NA,"<a href=""http://twitter.com"" rel=""nofollow"">Twitter Web Client</a>",Jhatkaa,2,FALSE,FALSE,NA,NA
6388,6388,Power plants must NOT be allowed to flout environmental regulations! Join me in asking @drharshvardhan to STOP POLL… https://t.co/RMwAIAxsve,FALSE,0,NA,2017-12-05 07:05:29,TRUE,NA,9.37940975363662E+017,NA,"<a href=""http://twitter.com"" rel=""nofollow"">Twitter Web Client</a>",AtilTakri,0,FALSE,FALSE,NA,NA
6389,6389,#MyRightToBreathe #StopAirPollution https://t.co/yzKKFE1oy2,FALSE,0,NA,2017-12-05 07:04:58,FALSE,NA,9.3794084457678E+017,NA,"<a href=""http://twitter.com"" rel=""nofollow"">Twitter Web Client</a>",PatraKasturi,0,FALSE,FALSE,NA,NA
6390,6390,Please cancel the #airpollutionextension @drharshvardhan and STOP POLLUTION CRIMES! All power plants should be upgr… https://t.co/ISMq8BD8sQ,FALSE,2,NA,2017-12-05 07:04:04,TRUE,NA,9.37940620441559E+017,NA,"<a href=""http://twitter.com"" rel=""nofollow"">Twitter Web Client</a>",Jhatkaa,0,FALSE,FALSE,NA,NA
6391,6391,@Jhatkaa @drharshvardhan @LetMeBreathe_In @CEED_India @SmokeyBot @airqualityindia @airsouthasia @pallavipnt… https://t.co/9nptPPKpyy,FALSE,1,Jhatkaa,2017-12-05 07:03:25,TRUE,9.37939514344989E+017,9.37940454141596E+017,526345087,"<a href=""http://twitter.com"" rel=""nofollow"">Twitter Web Client</a>",plus530,4,FALSE,FALSE,NA,NA
6392,6392,Power plants must NOT be allowed to flout environmental regulations! Join me in asking @drharshvardhan to STOP POLL… https://t.co/WBymJbzh9U,FALSE,0,NA,2017-12-05 07:02:30,TRUE,NA,9.37940225585746E+017,NA,"<a href=""http://twitter.com"" rel=""nofollow"">Twitter Web Client</a>",Jhatkaa,1,FALSE,FALSE,NA,NA
6393,6393,The @moefcc needs to ensure all coal plants follow emission norms. SIGN the petition asking @drharshvardhan to STOP… https://t.co/JLneRc2GKw,FALSE,3,NA,2017-12-05 07:00:25,TRUE,NA,9.37939702501405E+017,NA,"<a href=""http://twitter.com"" rel=""nofollow"">Twitter Web Client</a>",Jhatkaa,8,FALSE,FALSE,NA,NA
6394,6394,Please cancel the #airpollutionextension @drharshvardhan and STOP POLLUTION CRIMES! All power plants should be upgr… https://t.co/XwGtFsVnhE,FALSE,0,NA,2017-12-05 06:59:40,TRUE,NA,9.37939514344989E+017,NA,"<a href=""http://twitter.com"" rel=""nofollow"">Twitter Web Client</a>",Jhatkaa,3,FALSE,FALSE,NA,NA
6395,6395,#MyRighttoBreathe SIGN the petition: https://t.co/hZKX32918k https://t.co/Lf0IIBDJyF,FALSE,0,NA,2017-12-05 06:58:29,FALSE,NA,9.37939213848265E+017,NA,"<a href=""http://twitter.com"" rel=""nofollow"">Twitter Web Client</a>",Jhatkaa,0,FALSE,FALSE,NA,NA
6396,6396,Power plants must NOT be allowed to flout environmental regulations! Join me in asking @drharshvardhan to STOP POLL… https://t.co/nZ0Jp78Hun,FALSE,0,NA,2017-12-05 06:57:28,TRUE,NA,9.37938957479813E+017,NA,"<a href=""http://twitter.com"" rel=""nofollow"">Twitter Web Client</a>",Jhatkaa,1,FALSE,FALSE,NA,NA
6397,6397,The @moefcc needs to ensure all coal plants follow emission norms. SIGN the petition asking @drharshvardhan to STOP… https://t.co/Ivxj3jvfeq,FALSE,0,NA,2017-12-05 06:56:37,TRUE,NA,9.37938745361183E+017,NA,"<a href=""http://twitter.com"" rel=""nofollow"">Twitter Web Client</a>",Jhatkaa,1,FALSE,FALSE,NA,NA
6398,6398,Please cancel the #airpollutionextension @drharshvardhan and STOP POLLUTION CRIMES! All power plants should be upgr… https://t.co/Y628DhEC9T,FALSE,1,NA,2017-12-05 06:55:47,TRUE,NA,9.37938533213397E+017,NA,"<a href=""http://twitter.com"" rel=""nofollow"">Twitter Web Client</a>",Jhatkaa,0,FALSE,FALSE,NA,NA
6399,6399,@drharshvardhan @myogiadityanath @ArvindKejriwal are waiting for winter to end and then find a solution to #AirPollution #myrighttobreathe,FALSE,0,drharshvardhan,2017-12-05 06:54:16,FALSE,NA,9.37938152768991E+017,77732185,"<a href=""https://mobile.twitter.com"" rel=""nofollow"">Twitter Lite</a>",whyplantnow,0,FALSE,FALSE,NA,NA
6400,6400,Badarpur residents demand a STOP TO POLLUTION CRIMES! Power plants MUST NOT BE ALLOWED to flout environment regulat… https://t.co/Zfwy4ds0Hk,FALSE,7,NA,2017-12-05 06:46:36,TRUE,NA,9.37936225511522E+017,NA,"<a href=""http://twitter.com"" rel=""nofollow"">Twitter Web Client</a>",DelhiBreathe,6,FALSE,FALSE,NA,NA
6401,6401,"""Never doubt that a small group of thoughtful, committed citizens can change the world; indeed, it's the only thing… https://t.co/SqHy8EacUy",FALSE,1,NA,2017-12-05 06:36:37,TRUE,NA,9.37933713232371E+017,NA,"<a href=""http://twitter.com"" rel=""nofollow"">Twitter Web Client</a>",CareForAirIndia,0,FALSE,FALSE,NA,NA
6402,6402,"Please cancel the #airpollutionextension @drharshvardhan
and STOP POLLUTION CRIMES! All power plants should be upgr… https://t.co/lDreN9hsLf",FALSE,1,NA,2017-12-05 06:28:01,TRUE,NA,9.37931547910455E+017,NA,"<a href=""https://about.twitter.com/products/tweetdeck"" rel=""nofollow"">TweetDeck</a>",Haiyya_Act,1,FALSE,FALSE,NA,NA
6403,6403,"RT @greenpeaceindia: Air Pollution In India - Think Beyond Delhi And Beyond Winter https://t.co/p1L3G9WnIA via @ndtv
#MyRightToBreathe",FALSE,0,NA,2017-12-05 06:05:50,FALSE,NA,9.37925965597966E+017,NA,"<a href=""http://twitter.com/download/iphone"" rel=""nofollow"">Twitter for iPhone</a>",YasheshYadav,9,TRUE,FALSE,NA,NA
6404,6404,"RT @greenpeaceindia: Air Pollution In India - Think Beyond Delhi And Beyond Winter https://t.co/p1L3G9WnIA via @ndtv
#MyRightToBreathe",FALSE,0,NA,2017-12-05 06:03:56,FALSE,NA,9.37925485094245E+017,NA,"<a href=""http://twitter.com"" rel=""nofollow"">Twitter Web Client</a>",sherryfrosh,9,TRUE,FALSE,NA,NA
6405,6405,"RT @greenpeaceindia: Air Pollution In India - Think Beyond Delhi And Beyond Winter https://t.co/p1L3G9WnIA via @ndtv
#MyRightToBreathe",FALSE,0,NA,2017-12-05 06:03:20,FALSE,NA,9.37925333994664E+017,NA,"<a href=""http://twitter.com/download/android"" rel=""nofollow"">Twitter for Android</a>",r_sergeant,9,TRUE,FALSE,NA,NA
6406,6406,"RT @shivaji5002: #MyRightToBreathe
<U+0915><U+092C><U+0940><U+0930>,<U+0939><U+093E><U+0921> <U+091C><U+0932><U+0948> <U+0932><U+0915><U+0921><U+093C><U+0940> <U+091C><U+0932><U+0948> <U+091C><U+0932><U+0948> <U+091C><U+0932><U+093E><U+0935><U+0928><U+0939><U+093E><U+0930> <U+0926><U+0947><U+0916><U+0947><U+0902> <U+0935><U+093E><U+0932><U+0947> <U+092D><U+0940> <U+091C><U+0932><U+0947><U+0902> <U+0905><U+092C> <U+0915><U+093F><U+0938> <U+0938><U+0947> <U+0915><U+0930><U+0942><U+0901> <U+092A><U+0941><U+0915><U+093E><U+0930>
<U+092E><U+0928><U+0941><U+0937><U+094D><U+092F> <U+0936><U+0930><U+0940><U+0930> <U+0915><U+094B> <U+092E><U+0941><U+0915><U+094D><U+0924><U+093F> <U+0915><U+093E> <U+0926><U+094D>…",FALSE,0,NA,2017-12-05 06:02:59,FALSE,NA,9.37925246325203E+017,NA,"<a href=""http://twitter.com/download/android"" rel=""nofollow"">Twitter for Android</a>",MohanDa03304389,33,TRUE,FALSE,NA,NA
6407,6407,Power plants must NOT be allowed to flout environmental regulations! Join citizens of Patna in asking… https://t.co/n0tuYdyCVf,FALSE,0,NA,2017-12-05 05:59:47,TRUE,NA,9.3792444037292E+017,NA,"<a href=""http://twitter.com"" rel=""nofollow"">Twitter Web Client</a>",CEED_India,1,FALSE,FALSE,NA,NA
6408,6408,"RT @greenpeaceindia: Air Pollution In India - Think Beyond Delhi And Beyond Winter https://t.co/p1L3G9WnIA via @ndtv
#MyRightToBreathe",FALSE,0,NA,2017-12-05 05:57:26,FALSE,NA,9.37923849932493E+017,NA,"<a href=""http://twitter.com/download/iphone"" rel=""nofollow"">Twitter for iPhone</a>",Marita_1010,9,TRUE,FALSE,NA,NA
6409,6409,"It is extremely difficult to breathe these days.
Kindly please take some actions.
Lets sign this petition.… https://t.co/4dXafyPY4H",FALSE,3,NA,2017-12-05 05:27:52,TRUE,NA,9.3791641146413E+017,NA,"<a href=""http://twitter.com"" rel=""nofollow"">Twitter Web Client</a>",sikrimanas,2,FALSE,FALSE,NA,NA
6410,6410,"RT @greenpeaceindia: Air Pollution In India - Think Beyond Delhi And Beyond Winter https://t.co/p1L3G9WnIA via @ndtv
#MyRightToBreathe",FALSE,0,NA,2017-12-05 05:19:20,FALSE,NA,9.37914264622334E+017,NA,"<a href=""http://twitter.com/download/android"" rel=""nofollow"">Twitter for Android</a>",jaiminbhatt11,9,TRUE,FALSE,NA,NA
6411,6411,"RT @greenpeaceindia: Air Pollution In India - Think Beyond Delhi And Beyond Winter https://t.co/p1L3G9WnIA via @ndtv
#MyRightToBreathe",FALSE,0,NA,2017-12-05 05:11:46,FALSE,NA,9.37912359011496E+017,NA,"<a href=""http://twitter.com/download/android"" rel=""nofollow"">Twitter for Android</a>",niraj_PEN,9,TRUE,FALSE,NA,NA
6412,6412,"Suranga Lakmal seen throwing up on the field. Can’t blame the lankans here, they are not used to breathing poison t… https://t.co/GrzU1pcNYA",FALSE,1,NA,2017-12-05 05:10:07,TRUE,NA,9.37911945272758E+017,NA,"<a href=""http://twitter.com/download/iphone"" rel=""nofollow"">Twitter for iPhone</a>",Brikesh,1,FALSE,FALSE,NA,NA
6413,6413,RT @sherryfrosh: #myrighttobreathe @drharshvardhan @DelhiBreathe . #Summit #Gurgaon https://t.co/zJNvorazCf,FALSE,0,NA,2017-12-05 05:04:36,FALSE,NA,9.37910553619468E+017,NA,"<a href=""http://twitter.com/download/android"" rel=""nofollow"">Twitter for Android</a>",DhruvTandon3,3,TRUE,FALSE,NA,NA
6414,6414,"RT @greenpeaceindia: Air Pollution In India - Think Beyond Delhi And Beyond Winter https://t.co/p1L3G9WnIA via @ndtv
#MyRightToBreathe",FALSE,0,NA,2017-12-05 04:51:29,FALSE,NA,9.37907252446581E+017,NA,"<a href=""http://twitter.com/download/iphone"" rel=""nofollow"">Twitter for iPhone</a>",RestorewNature,9,TRUE,FALSE,NA,NA
6415,6415,RT @sherryfrosh: #myrighttobreathe @drharshvardhan @DelhiBreathe . #Summit #Gurgaon https://t.co/zJNvorazCf,FALSE,0,NA,2017-12-05 04:49:23,FALSE,NA,9.37906726216462E+017,NA,"<a href=""http://twitter.com/download/iphone"" rel=""nofollow"">Twitter for iPhone</a>",YasheshYadav,3,TRUE,FALSE,NA,NA
6416,6416,"RT @greenpeaceindia: Air Pollution In India - Think Beyond Delhi And Beyond Winter https://t.co/p1L3G9WnIA via @ndtv
#MyRightToBreathe",FALSE,0,NA,2017-12-05 04:47:24,FALSE,NA,9.37906226301608E+017,NA,"<a href=""http://twitter.com/download/android"" rel=""nofollow"">Twitter for Android</a>",nandi555,9,TRUE,FALSE,NA,NA
6417,6417,#myrighttobreathe @drharshvardhan @DelhiBreathe . #Summit #Gurgaon https://t.co/zJNvorazCf,FALSE,4,NA,2017-12-05 04:46:00,FALSE,NA,9.37905872797237E+017,NA,"<a href=""https://mobile.twitter.com"" rel=""nofollow"">Twitter Lite</a>",sherryfrosh,3,FALSE,FALSE,NA,NA
6418,6418,#INDvSL day 4: Srilankan team steps out on the field wearing masks while Indian team and spectators continue to bre… https://t.co/0HCTedLLVN,FALSE,7,NA,2017-12-05 04:43:40,TRUE,NA,9.37905286295175E+017,NA,"<a href=""http://twitter.com/download/iphone"" rel=""nofollow"">Twitter for iPhone</a>",Brikesh,8,FALSE,FALSE,NA,NA
6419,6419,"Air Pollution In India - Think Beyond Delhi And Beyond Winter https://t.co/p1L3G9WnIA via @ndtv
#MyRightToBreathe",FALSE,7,NA,2017-12-05 04:42:44,FALSE,NA,9.37905050319336E+017,NA,"<a href=""http://twitter.com"" rel=""nofollow"">Twitter Web Client</a>",greenpeaceindia,9,FALSE,FALSE,NA,NA
6420,6420,We want emission standards for coal power plants so that India can breathe cleaner air! @DrHarshVardhan @moefcc #MyRightToBreathe,FALSE,3,NA,2017-12-05 04:22:03,FALSE,NA,9.37899846593405E+017,NA,"<a href=""http://twitter.com/download/android"" rel=""nofollow"">Twitter for Android</a>",ashishmittal09,1,FALSE,FALSE,NA,NA
6421,6421,"#RipleysBelieveItorNot No health emergency has been declared,children r going to school, politicians are busy in el… https://t.co/riXmRZEG9W",FALSE,0,NA,2017-12-05 04:18:10,TRUE,NA,9.37898868796207E+017,NA,"<a href=""http://twitter.com/#!/download/ipad"" rel=""nofollow"">Twitter for iPad</a>",akshay_khanna,0,FALSE,FALSE,NA,NA
6422,6422,"On this day in 1952, a great #smog descended on London, killing thousands in its four days. We in Delhi have been l… https://t.co/VROlMYZMYx",FALSE,8,NA,2017-12-05 03:29:12,TRUE,NA,9.37886545926746E+017,NA,"<a href=""http://twitter.com/download/android"" rel=""nofollow"">Twitter for Android</a>",CareForAirIndia,3,FALSE,FALSE,NA,NA
6423,6423,Why Delhi's pollution is not just a 'Diwali' or 'winter' problem https://t.co/G5M05WWOq8 via @DailyO_… https://t.co/Z5LMQUb7cR,FALSE,0,NA,2017-12-05 01:30:21,TRUE,NA,9.37856635195703E+017,NA,"<a href=""http://twitter.com/download/iphone"" rel=""nofollow"">Twitter for iPhone</a>",akshay_khanna,0,FALSE,FALSE,NA,NA
6424,6424,"@narendramodi @ArvindKejriwal @ndtv @TimesNow @BDUTT I’m scared to step out for a run; all set, I’m rethinking if i… https://t.co/eXsYo45iUy",FALSE,0,narendramodi,2017-12-05 00:35:31,TRUE,NA,9.37842835943916E+017,18839785,"<a href=""http://twitter.com/download/iphone"" rel=""nofollow"">Twitter for iPhone</a>",megha_live,0,FALSE,FALSE,NA,NA
6425,6425,#gun #SecondAmendment #fightforguns #yourrights #rights #MAGA #MyRightToBreathe #gunrights  #circuatenine… https://t.co/o0jM77MQkE,FALSE,0,NA,2017-12-04 22:30:24,TRUE,NA,9.3781135283551E+017,NA,"<a href=""http://twitter.com"" rel=""nofollow"">Twitter Web Client</a>",maharru,0,FALSE,FALSE,NA,NA
6426,6426,"@drharshvardhan @imVkohli Sir, for your kind information our country was globally embarrassed due to the mismanagem… https://t.co/iaKM4lwYlO",FALSE,1,drharshvardhan,2017-12-04 20:47:17,TRUE,9.37238858894209E+017,9.37785401833607E+017,77732185,"<a href=""http://twitter.com/download/android"" rel=""nofollow"">Twitter for Android</a>",Sree_mangalan5,2,FALSE,FALSE,NA,NA
6427,6427,@AamAadmiParty @ArvindKejriwal Prioritize clean air initiatives. Much of health burden of the hospitals will reduce… https://t.co/YAGs2jr7gy,FALSE,0,AamAadmiParty,2017-12-04 20:34:53,TRUE,9.37709369398981E+017,9.37782279543325E+017,711694309,"<a href=""http://twitter.com/download/android"" rel=""nofollow"">Twitter for Android</a>",Sree_mangalan5,0,FALSE,FALSE,NA,NA
6428,6428,"@AashishKhetan @ArvindKejriwal As the saying goes "" Think global, act local "", the delhi govt shud resort to vacuum… https://t.co/irZNhvY636",FALSE,3,AashishKhetan,2017-12-04 20:30:29,TRUE,9.37703490444391E+017,9.37781172427526E+017,119456978,"<a href=""http://twitter.com/download/android"" rel=""nofollow"">Twitter for Android</a>",Sree_mangalan5,2,FALSE,FALSE,NA,NA
6429,6429,RT @sherryfrosh: @drharshvardhan @DelhiBreathe  #MyRightToBreathe https://t.co/sCr6jo8Gkz,FALSE,0,NA,2017-12-04 19:23:59,FALSE,NA,9.37764439465611E+017,NA,"<a href=""http://twitter.com/download/android"" rel=""nofollow"">Twitter for Android</a>",kapsb2,3,TRUE,FALSE,NA,NA
6430,6430,RT @DelhiBreathe: JOIN US between 4-6 December to STOP POLLUTION CRIMES! More details here: https://t.co/kM6Glbtesb #MyRightToBreathe https…,FALSE,0,NA,2017-12-04 18:41:34,FALSE,NA,9.37753763284001E+017,NA,"<a href=""http://twitter.com"" rel=""nofollow"">Twitter Web Client</a>",Tushar_Kapila,17,TRUE,FALSE,NA,NA
6431,6431,"#delhismog  #DelhiChokes
#delhiairpollution #OddEven
#letdelhibreathe #MyRightToBreathe
#saveDelhi #delhi #smog… https://t.co/0QXINji6Mr",FALSE,0,NA,2017-12-04 17:41:48,TRUE,NA,9.37738721746497E+017,NA,"<a href=""http://twitter.com/download/iphone"" rel=""nofollow"">Twitter for iPhone</a>",Nosk_India,0,FALSE,FALSE,NA,NA
6432,6432,RT @sherryfrosh: @drharshvardhan @DelhiBreathe  #MyRightToBreathe https://t.co/sCr6jo8Gkz,FALSE,0,NA,2017-12-04 17:18:17,FALSE,NA,9.37732805911441E+017,NA,"<a href=""http://twitter.com/download/android"" rel=""nofollow"">Twitter for Android</a>",nandi555,3,TRUE,FALSE,NA,NA
6433,6433,RT @sherryfrosh: @drharshvardhan @DelhiBreathe  #MyRightToBreathe https://t.co/sCr6jo8Gkz,FALSE,0,NA,2017-12-04 17:15:55,FALSE,NA,9.37732208445375E+017,NA,"<a href=""http://twitter.com"" rel=""nofollow"">Twitter Web Client</a>",DelhiBreathe,3,TRUE,FALSE,NA,NA
6434,6434,Power plants must NOT be allowed to flout environmental regulations! Join me in asking @drharshvardhan to STOP POLL… https://t.co/LfC0mptW7v,FALSE,1,NA,2017-12-04 17:08:35,TRUE,NA,9.37730365002736E+017,NA,"<a href=""http://twitter.com/download/android"" rel=""nofollow"">Twitter for Android</a>",PraCashRochi,2,FALSE,FALSE,NA,NA
6435,6435,The @moefcc needs to ensure all coal plants follow emission norms. SIGN the petition asking @drharshvardhan to STOP… https://t.co/eQcprtlTxG,FALSE,2,NA,2017-12-04 17:05:23,TRUE,NA,9.37729559553761E+017,NA,"<a href=""http://twitter.com/download/android"" rel=""nofollow"">Twitter for Android</a>",PraCashRochi,1,FALSE,FALSE,NA,NA
6436,6436,Please cancel the #airpollutionextension @drharshvardhan and STOP POLLUTION CRIMES! All power plants should be upgr… https://t.co/DOU7Z9lirf,FALSE,1,NA,2017-12-04 16:57:50,TRUE,NA,9.3772765866582E+017,NA,"<a href=""http://twitter.com/download/android"" rel=""nofollow"">Twitter for Android</a>",PraCashRochi,1,FALSE,FALSE,NA,NA
6437,6437,"Absolutely - ""We need to talk more about environmental security because when environmental degradation happens, the… https://t.co/LzI31tVkNr",FALSE,0,NA,2017-12-04 16:43:49,TRUE,NA,9.377241304426E+017,NA,"<a href=""http://twitter.com"" rel=""nofollow"">Twitter Web Client</a>",kwkabuthia,0,FALSE,FALSE,NA,NA
6438,6438,@drharshvardhan @DelhiBreathe  #MyRightToBreathe https://t.co/sCr6jo8Gkz,FALSE,6,drharshvardhan,2017-12-04 16:33:14,FALSE,NA,9.37721465650024E+017,77732185,"<a href=""https://mobile.twitter.com"" rel=""nofollow"">Twitter Lite</a>",sherryfrosh,3,FALSE,FALSE,NA,NA
6439,6439,RT @DelhiBreathe: JOIN US between 4-6 December to STOP POLLUTION CRIMES! More details here: https://t.co/kM6Glbtesb #MyRightToBreathe https…,FALSE,0,NA,2017-12-04 16:14:19,FALSE,NA,9.37716705018679E+017,NA,"<a href=""http://twitter.com/download/android"" rel=""nofollow"">Twitter for Android</a>",PattybarrosA,17,TRUE,FALSE,NA,NA
6440,6440,We want emission standards for coal power plants so that India can breathe cleaner air! @DrHarshVardhan @moefcc #MyRightToBreathe,FALSE,0,NA,2017-12-04 15:47:14,FALSE,NA,9.37709892382556E+017,NA,"<a href=""http://twitter.com"" rel=""nofollow"">Twitter Web Client</a>",kanala_k,1,FALSE,FALSE,NA,NA
6441,6441,We want emission standards for coal power plants so that India can breathe cleaner air! @DrHarshVardhan @moefcc #MyRightToBreathe,FALSE,0,NA,2017-12-04 15:46:30,FALSE,NA,9.37709708009284E+017,NA,"<a href=""http://twitter.com/download/android"" rel=""nofollow"">Twitter for Android</a>",Sree_mangalan5,0,FALSE,FALSE,NA,NA
6442,6442,We want emission standards for coal power plants so that India can breathe cleaner air! @DrHarshVardhan @moefcc #MyRightToBreathe,FALSE,5,NA,2017-12-04 15:27:43,FALSE,NA,9.37704978495316E+017,NA,"<a href=""http://twitter.com"" rel=""nofollow"">Twitter Web Client</a>",ChintanIndia,1,FALSE,FALSE,NA,NA
6443,6443,RT @manishanataraj: If this isn’t a wake up call then what?  #airpollution #TestCricket #myrighttobreathe   @PMOIndia  : Lankans Complain A…,FALSE,0,NA,2017-12-04 15:26:41,FALSE,NA,9.37704718503109E+017,NA,"<a href=""http://twitter.com/download/iphone"" rel=""nofollow"">Twitter for iPhone</a>",madhavixjha,3,TRUE,FALSE,NA,NA
6444,6444,RT @DelhiBreathe: JOIN US between 4-6 December to STOP POLLUTION CRIMES! More details here: https://t.co/kM6Glbtesb #MyRightToBreathe https…,FALSE,0,NA,2017-12-04 15:18:07,FALSE,NA,9.37702563918631E+017,NA,"<a href=""http://twitter.com/#!/download/ipad"" rel=""nofollow"">Twitter for iPad</a>",rjber15,17,TRUE,FALSE,NA,NA
6445,6445,Love it @SelectCITYWALK if only the air inside would be as clean as the premises is otherwise! #AQIIndia… https://t.co/Rup38sCBoa,FALSE,0,NA,2017-12-04 15:16:32,TRUE,NA,9.37702165086323E+017,NA,"<a href=""http://twitter.com/download/android"" rel=""nofollow"">Twitter for Android</a>",AnitaOgale,0,FALSE,FALSE,NA,NA
6446,6446,"@ErikSolheim  I ask for the Environment Assembly on plastics: 
1. Abolish what we don’t need 
2. Curb plastic at so… https://t.co/by6b5khoPY",FALSE,0,ErikSolheim,2017-12-04 15:15:03,TRUE,NA,9.37701790736355E+017,48702842,"<a href=""http://twitter.com"" rel=""nofollow"">Twitter Web Client</a>",kwkabuthia,0,FALSE,FALSE,NA,NA
6447,6447,We want emission standards for coal power plants so that India can breathe cleaner air! Abhi Tak emission standards… https://t.co/IezlRW0SdW,FALSE,2,NA,2017-12-04 15:05:50,TRUE,NA,9.37699473425236E+017,NA,"<a href=""http://twitter.com"" rel=""nofollow"">Twitter Web Client</a>",Naiyu13,0,FALSE,FALSE,NA,NA
6448,6448,RT @DelhiBreathe: JOIN US between 4-6 December to STOP POLLUTION CRIMES! More details here: https://t.co/kM6Glbtesb #MyRightToBreathe https…,FALSE,0,NA,2017-12-04 14:34:43,FALSE,NA,9.37691643448136E+017,NA,"<a href=""http://twitter.com/download/android"" rel=""nofollow"">Twitter for Android</a>",SaagnikPaul,17,TRUE,FALSE,NA,NA
6449,6449,We want emission standards for coal power plants so that India can breathe cleaner air! @DrHarshVardhan @moefcc #MyRightToBreathe,FALSE,0,NA,2017-12-04 12:47:27,FALSE,NA,9.37664645791334E+017,NA,"<a href=""http://twitter.com/download/android"" rel=""nofollow"">Twitter for Android</a>",Nishatkhan272,0,FALSE,FALSE,NA,NA
6450,6450,We want emission standards for coal power plants so that India can breathe cleaner air! @DrHarshVardhan @moefcc #MyRightToBreathe,FALSE,0,NA,2017-12-04 12:45:43,FALSE,NA,9.37664210183406E+017,NA,"<a href=""http://twitter.com/download/android"" rel=""nofollow"">Twitter for Android</a>",TheNorthThinks,0,FALSE,FALSE,NA,NA
6451,6451,We want emission standards for coal power plants so that India can breathe cleaner air! @DrHarshVardhan @moefcc #MyRightToBreathe,FALSE,2,NA,2017-12-04 12:34:32,FALSE,NA,9.37661396971536E+017,NA,"<a href=""http://twitter.com"" rel=""nofollow"">Twitter Web Client</a>",potla_dhruval,0,FALSE,FALSE,NA,NA
6452,6452,"Kanpur, the largest city in Uttar Pradesh demands stricter emission control for coal plants. Residents ask… https://t.co/9XzgsnWuyP",FALSE,15,NA,2017-12-04 12:33:36,TRUE,NA,9.3766116257706E+017,NA,"<a href=""http://twitter.com"" rel=""nofollow"">Twitter Web Client</a>",Care4air,14,FALSE,FALSE,NA,NA
6453,6453,We want emission standards for coal power plants so that India can breathe cleaner air! @DrHarshVardhan @moefcc #MyRightToBreathe,FALSE,0,NA,2017-12-04 12:29:29,FALSE,NA,9.37660125422109E+017,NA,"<a href=""http://twitter.com/download/android"" rel=""nofollow"">Twitter for Android</a>",_shashankarya_,0,FALSE,FALSE,NA,NA
6454,6454,Residents all over India are demanding that the #emissionsstandards for Coal-fired power plants planned two years b… https://t.co/IuCdb71Su5,FALSE,1,NA,2017-12-04 12:28:15,TRUE,NA,9.3765981640267E+017,NA,"<a href=""http://twitter.com"" rel=""nofollow"">Twitter Web Client</a>",jksmith34,3,FALSE,FALSE,NA,NA
6455,6455,We want emission standards for coal power plants so that India can breathe cleaner air! @DrHarshVardhan @moefcc #MyRightToBreathe,FALSE,0,NA,2017-12-04 12:20:58,FALSE,NA,9.3765798384826E+017,NA,"<a href=""http://twitter.com"" rel=""nofollow"">Twitter Web Client</a>",journomenon,0,FALSE,FALSE,NA,NA
6456,6456,"RT @airqualityindia: Join the #MyRightToBreathe campaign and raise your voice against #airpollution

Post pictures/ideas with the hashtag #…",FALSE,0,NA,2017-12-04 12:18:23,FALSE,NA,9.37657331256648E+017,NA,"<a href=""http://twitter.com"" rel=""nofollow"">Twitter Web Client</a>",jksmith34,7,TRUE,FALSE,NA,NA
6457,6457,We want emission standards for coal power plants so that India can breathe cleaner air! @DrHarshVardhan @moefcc #MyRightToBreathe,FALSE,0,NA,2017-12-04 12:03:07,FALSE,NA,9.37653492226826E+017,NA,"<a href=""http://twitter.com"" rel=""nofollow"">Twitter Web Client</a>",yogeshwad,0,FALSE,FALSE,NA,NA
6458,6458,Residents of Singrauli came forward to Ask @Dr.@drharshvardhan  to put citizens first and enforce stricter emission… https://t.co/mRCIZDWWYc,FALSE,18,NA,2017-12-04 12:01:18,TRUE,NA,9.37653033739084E+017,NA,"<a href=""http://twitter.com"" rel=""nofollow"">Twitter Web Client</a>",Care4air,14,FALSE,FALSE,NA,NA
6459,6459,We want emission standards for coal power plants so that India can breathe cleaner air! @DrHarshVardhan @moefcc #MyRightToBreathe,FALSE,0,NA,2017-12-04 11:52:45,FALSE,NA,9.37650880785953E+017,NA,"<a href=""http://twitter.com/download/android"" rel=""nofollow"">Twitter for Android</a>",Navinveeran63,0,FALSE,FALSE,NA,NA
6460,6460,We want emission standards for coal power plants so that India can breathe cleaner air! @DrHarshVardhan @moefcc #MyRightToBreathe,FALSE,0,NA,2017-12-04 11:44:48,FALSE,NA,9.37648880954499E+017,NA,"<a href=""http://twitter.com"" rel=""nofollow"">Twitter Web Client</a>",chopra2ka,0,FALSE,FALSE,NA,NA
6461,6461,"“Given the grim statistics on how we are poisoning ourselves and our planet, bold decisions from the UN Environment… https://t.co/q8vIEXKA9B",FALSE,0,NA,2017-12-04 11:31:23,TRUE,NA,9.37645503193416E+017,NA,"<a href=""http://twitter.com"" rel=""nofollow"">Twitter Web Client</a>",kwkabuthia,0,FALSE,FALSE,NA,NA
6462,6462,"Find out how #Delhi's Security Guards are harming themselves the most in the winter while protecting us, written by… https://t.co/i2OFSNyZMC",FALSE,3,NA,2017-12-04 10:50:07,TRUE,NA,9.37635120382591E+017,NA,"<a href=""http://twitter.com"" rel=""nofollow"">Twitter Web Client</a>",ChintanIndia,5,FALSE,FALSE,NA,NA
6463,6463,We want emission standards for coal power plants so that India can breathe cleaner air! @DrHarshVardhan @moefcc #MyRightToBreathe,FALSE,0,NA,2017-12-04 10:48:11,FALSE,NA,9.37634630714515E+017,NA,"<a href=""http://twitter.com"" rel=""nofollow"">Twitter Web Client</a>",IshanS_Om,0,FALSE,FALSE,NA,NA
6464,6464,RT @DelhiBreathe: JOIN US between 4-6 December to STOP POLLUTION CRIMES! More details here: https://t.co/kM6Glbtesb #MyRightToBreathe https…,FALSE,0,NA,2017-12-04 10:45:12,FALSE,NA,9.37633882563908E+017,NA,"<a href=""http://twitter.com"" rel=""nofollow"">Twitter Web Client</a>",350SouthAsia,17,TRUE,FALSE,NA,NA
6465,6465,We want implementation of emission standards for coal power plants so that India can breathe cleaner air!… https://t.co/yMDqn5wtzU,FALSE,1,NA,2017-12-04 10:36:06,TRUE,NA,9.37631593295856E+017,NA,"<a href=""http://twitter.com/download/android"" rel=""nofollow"">Twitter for Android</a>",nandi555,2,FALSE,FALSE,NA,NA
6466,6466,RT @sherryfrosh: #Myrighttobreathe #Toffeeinsurance http:/bit.ly/2iL7JCr https://t.co/3Vh7MWETZf,FALSE,0,NA,2017-12-04 10:14:42,FALSE,NA,9.37626207285162E+017,NA,"<a href=""http://twitter.com/download/iphone"" rel=""nofollow"">Twitter for iPhone</a>",YasheshYadav,1,TRUE,FALSE,NA,NA
6467,6467,"RT @airqualityindia: India loses billions to air pollution: UN https://t.co/dRzK96VAWv 

#IndiaAQ #myrighttobreathe https://t.co/b72siWGqNT",FALSE,0,NA,2017-12-04 10:09:33,FALSE,NA,9.37624911064965E+017,NA,"<a href=""http://twitter.com/download/iphone"" rel=""nofollow"">Twitter for iPhone</a>",YasheshYadav,5,TRUE,FALSE,NA,NA
6468,6468,"RT @airqualityindia: Join the #MyRightToBreathe campaign and raise your voice against #airpollution

Post pictures/ideas with the hashtag #…",FALSE,0,NA,2017-12-04 10:09:20,FALSE,NA,9.37624854961861E+017,NA,"<a href=""http://twitter.com/download/iphone"" rel=""nofollow"">Twitter for iPhone</a>",YasheshYadav,7,TRUE,FALSE,NA,NA
6469,6469,RT @DelhiBreathe: JOIN US between 4-6 December to STOP POLLUTION CRIMES! More details here: https://t.co/kM6Glbtesb #MyRightToBreathe https…,FALSE,0,NA,2017-12-04 10:07:50,FALSE,NA,9.376244762204E+017,NA,"<a href=""http://twitter.com/download/iphone"" rel=""nofollow"">Twitter for iPhone</a>",YasheshYadav,17,TRUE,FALSE,NA,NA
6470,6470,RT @DelhiBreathe: JOIN US between 4-6 December to STOP POLLUTION CRIMES! More details here: https://t.co/kM6Glbtesb #MyRightToBreathe https…,FALSE,0,NA,2017-12-04 10:05:52,FALSE,NA,9.37623984518062E+017,NA,"<a href=""https://mobile.twitter.com"" rel=""nofollow"">Twitter Lite</a>",sherryfrosh,17,TRUE,FALSE,NA,NA
6471,6471,"RT @airqualityindia: Join the #MyRightToBreathe campaign and raise your voice against #airpollution

Post pictures/ideas with the hashtag #…",FALSE,0,NA,2017-12-04 10:05:23,FALSE,NA,9.37623860580565E+017,NA,"<a href=""https://mobile.twitter.com"" rel=""nofollow"">Twitter Lite</a>",sherryfrosh,7,TRUE,FALSE,NA,NA
6472,6472,"RT @airqualityindia: India loses billions to air pollution: UN https://t.co/dRzK96VAWv 

#IndiaAQ #myrighttobreathe https://t.co/b72siWGqNT",FALSE,0,NA,2017-12-04 10:05:18,FALSE,NA,9.37623839063786E+017,NA,"<a href=""https://mobile.twitter.com"" rel=""nofollow"">Twitter Lite</a>",sherryfrosh,5,TRUE,FALSE,NA,NA
6473,6473,#Myrighttobreathe #Toffeeinsurance http:/bit.ly/2iL7JCr https://t.co/3Vh7MWETZf,FALSE,3,NA,2017-12-04 10:04:02,FALSE,NA,9.37623521873748E+017,NA,"<a href=""https://mobile.twitter.com"" rel=""nofollow"">Twitter Lite</a>",sherryfrosh,1,FALSE,FALSE,NA,NA
6474,6474,"Folks in Kanpur don't want #AirPollutionExtension! 
Power plants must NOT be allowed to flout environmental regulat… https://t.co/SOvsnslD2C",FALSE,1,NA,2017-12-04 09:16:07,TRUE,NA,9.37611464008856E+017,NA,"<a href=""http://twitter.com"" rel=""nofollow"">Twitter Web Client</a>",Jhatkaa,1,FALSE,FALSE,NA,NA
6475,6475,.@imVkohli your lungs are precious like the other 276 million in Delhi. If you take a stand maybe the govt will wak… https://t.co/jF3YuFoNSv,FALSE,0,NA,2017-12-04 09:06:08,TRUE,NA,9.37608950911976E+017,NA,"<a href=""http://twitter.com"" rel=""nofollow"">Twitter Web Client</a>",ManjariSheel,0,FALSE,FALSE,NA,NA
6476,6476,CemShweta: RT Brikesh: Patients and staff from Guru Gobind Singh Hospital demand clean air. moefcc ensure all coal… https://t.co/GBYG9s2J3C,FALSE,2,NA,2017-12-04 08:53:11,TRUE,NA,9.37605691036127E+017,NA,"<a href=""https://ifttt.com"" rel=""nofollow"">IFTTT</a>",lsaravinda,1,FALSE,FALSE,NA,NA
6477,6477,"""The BCCI and the Delhi government should use this opportunity as a wake-up call to set things right and for once,… https://t.co/gW8shYHUZQ",FALSE,0,NA,2017-12-04 08:42:07,TRUE,NA,9.37602908283068E+017,NA,"<a href=""http://twitter.com"" rel=""nofollow"">Twitter Web Client</a>",Jhatkaa,0,FALSE,FALSE,NA,NA
6478,6478,Click https://t.co/KI1ceukhVW to ask Environment Minister @drharshvardhan to keep healthy air standards for coal po… https://t.co/u8xM2nFepK,FALSE,286,NA,2017-12-04 08:40:13,TRUE,NA,9.37602427280171E+017,NA,"<a href=""http://twitter.com"" rel=""nofollow"">Twitter Web Client</a>",DelhiBreathe,111,FALSE,FALSE,NA,NA
6479,6479,RT @DelhiBreathe: JOIN US between 4-6 December to STOP POLLUTION CRIMES! More details here: https://t.co/kM6Glbtesb #MyRightToBreathe https…,FALSE,0,NA,2017-12-04 08:31:21,FALSE,NA,9.37600197680546E+017,NA,"<a href=""http://twitter.com/download/iphone"" rel=""nofollow"">Twitter for iPhone</a>",misskaul,17,TRUE,FALSE,NA,NA
6480,6480,"#delhismog  #DelhiChokes
#delhiairpollution #OddEven
#letdelhibreathe #MyRightToBreathe
#saveDelhi #delhi #smog… https://t.co/4bsOOvax42",FALSE,0,NA,2017-12-04 08:31:18,TRUE,NA,9.37600186779451E+017,NA,"<a href=""http://twitter.com/download/iphone"" rel=""nofollow"">Twitter for iPhone</a>",Nosk_India,0,FALSE,FALSE,NA,NA
6481,6481,RT @bipinchauhan: #Breaking #DoYouKnow #crackerED #MyRightToBreathe where is #SupremeCourtofIndia  must act again for #CrackerBan #Delhi #I…,FALSE,0,NA,2017-12-04 08:20:39,FALSE,NA,9.3759750478209E+017,NA,"<a href=""http://twitter.com/download/android"" rel=""nofollow"">Twitter for Android</a>",JagoBharathJago,2,TRUE,FALSE,NA,NA
6482,6482,"RT @anuragdogra87: Fight over movies, religion, food, EVMs, but no action on #MyRightToBreathe. National shame at Kotla today. Pathetic Gov…",FALSE,0,NA,2017-12-04 08:18:59,FALSE,NA,9.37597085360079E+017,NA,"<a href=""http://twitter.com/download/android"" rel=""nofollow"">Twitter for Android</a>",JagoBharathJago,2,TRUE,FALSE,NA,NA
6483,6483,RT @manishanataraj: If this isn’t a wake up call then what?  #airpollution #TestCricket #myrighttobreathe   @PMOIndia  : Lankans Complain A…,FALSE,0,NA,2017-12-04 08:18:45,FALSE,NA,9.37597026002461E+017,NA,"<a href=""http://www.backloggerstools.blogspot.ca/"" rel=""nofollow"">Jothipala Bot</a>",Jothipala_Bot,3,TRUE,FALSE,NA,NA
6484,6484,RT @manishanataraj: If this isn’t a wake up call then what?  #airpollution #TestCricket #myrighttobreathe   @PMOIndia  : Lankans Complain A…,FALSE,0,NA,2017-12-04 08:18:45,FALSE,NA,9.37597024907621E+017,NA,"<a href=""http://twitter.com/download/android"" rel=""nofollow"">Twitter for Android</a>",JagoBharathJago,3,TRUE,FALSE,NA,NA
6485,6485,RT @megha_live: @DelhiPolice please check this slum at Rajendra Nagar chowk polluting the air with fire #myrighttobreathe @ndtv @TOIIndiaNe…,FALSE,0,NA,2017-12-04 08:18:23,FALSE,NA,9.37596932540662E+017,NA,"<a href=""http://twitter.com/download/android"" rel=""nofollow"">Twitter for Android</a>",JagoBharathJago,1,TRUE,FALSE,NA,NA
6486,6486,.@moefcc needs to ensure all coal plants follow stricter emission norms. SIGN the petition asking @drharshvardhan t… https://t.co/RfQ7LmTrNt,FALSE,1,NA,2017-12-04 08:18:10,TRUE,NA,9.37596880699114E+017,NA,"<a href=""http://twitter.com"" rel=""nofollow"">Twitter Web Client</a>",Jhatkaa,1,FALSE,FALSE,NA,NA
6487,6487,RT @isankitsharma: @LetMeBreathe_In We desperately need these products in indian market. #letmebreath #myrighttobreathe #AirPollution,FALSE,0,NA,2017-12-04 08:18:08,FALSE,NA,9.37596869697352E+017,NA,"<a href=""http://twitter.com/download/android"" rel=""nofollow"">Twitter for Android</a>",JagoBharathJago,1,TRUE,FALSE,NA,NA
6488,6488,".@drharshvardhan please cancel the #airpollutionextension and STOP POLLUTION CRIMES! 
All power plants should be up… https://t.co/Lh9roRY538",FALSE,1,NA,2017-12-04 08:17:37,TRUE,NA,9.37596739472654E+017,NA,"<a href=""http://twitter.com"" rel=""nofollow"">Twitter Web Client</a>",Jhatkaa,1,FALSE,FALSE,NA,NA
6489,6489,".@drharshvardhan please cancel the #airpollutionextension and STOP POLLUTION CRIMES! 
All power plants should be up… https://t.co/DBeHyY77FQ",FALSE,1,NA,2017-12-04 08:17:03,TRUE,NA,9.37596599542284E+017,NA,"<a href=""http://twitter.com"" rel=""nofollow"">Twitter Web Client</a>",Jhatkaa,1,FALSE,FALSE,NA,NA
6490,6490,Power plants must NOT be allowed to flout environmental regulations! Join me in asking @drharshvardhan to STOP POLL… https://t.co/I0dHCkhiE6,FALSE,0,NA,2017-12-04 08:16:26,TRUE,NA,9.37596443296068E+017,NA,"<a href=""http://twitter.com"" rel=""nofollow"">Twitter Web Client</a>",Jhatkaa,0,FALSE,FALSE,NA,NA
6491,6491,Power plants must NOT be allowed to flout environmental regulations! Join me in asking @drharshvardhan to STOP POLL… https://t.co/IewpG12r3L,FALSE,1,NA,2017-12-04 08:16:10,TRUE,NA,9.37596377332203E+017,NA,"<a href=""http://twitter.com"" rel=""nofollow"">Twitter Web Client</a>",Jhatkaa,1,FALSE,FALSE,NA,NA
6492,6492,.@moefcc needs to ensure all coal plants follow stricter emission norms. SIGN the petition asking @drharshvardhan t… https://t.co/puiV0WzoYS,FALSE,2,NA,2017-12-04 08:15:33,TRUE,NA,9.37596221379637E+017,NA,"<a href=""http://twitter.com"" rel=""nofollow"">Twitter Web Client</a>",Jhatkaa,2,FALSE,FALSE,NA,NA
6493,6493,Patients and staff from Guru Gobind Singh Hospital demand clean air. @moefcc ensure all coal plants follow emission… https://t.co/VJT8iZ0ZKW,FALSE,7,NA,2017-12-04 08:09:09,TRUE,NA,9.3759460958405E+017,NA,"<a href=""http://twitter.com/download/iphone"" rel=""nofollow"">Twitter for iPhone</a>",Brikesh,14,FALSE,FALSE,NA,NA
6494,6494,@drharshvardhan please cancel the #airpollutionextension and STOP POLLUTION CRIMES! All power plants should be upgr… https://t.co/qIaXSu2HDM,FALSE,5,drharshvardhan,2017-12-04 07:59:49,TRUE,NA,9.37592259863724E+017,77732185,"<a href=""http://twitter.com"" rel=""nofollow"">Twitter Web Client</a>",greenlovita,3,FALSE,FALSE,NA,NA
6495,6495,LIVE from Nairobi - the beginning of the 3rd @UN Environment Assembly! Watch the #BeatPollution action here:… https://t.co/UOSezaPwIi,FALSE,0,NA,2017-12-04 07:56:42,TRUE,NA,9.37591475650654E+017,NA,"<a href=""http://twitter.com"" rel=""nofollow"">Twitter Web Client</a>",kwkabuthia,0,FALSE,FALSE,NA,NA
6496,6496,RT @DelhiBreathe: JOIN US between 4-6 December to STOP POLLUTION CRIMES! More details here: https://t.co/kM6Glbtesb #MyRightToBreathe https…,FALSE,0,NA,2017-12-04 07:40:12,FALSE,NA,9.37587323302064E+017,NA,"<a href=""http://twitter.com/download/android"" rel=""nofollow"">Twitter for Android</a>",JagoBharathJago,17,TRUE,FALSE,NA,NA
6497,6497,"RT @saurabh27dec: @Polotwitts #DelhiPollution #INDvSL 
#MyRightToBreathe https://t.co/b1EW2JiA4u",FALSE,0,NA,2017-12-04 07:39:45,FALSE,NA,9.37587212996158E+017,NA,"<a href=""http://twitter.com/download/android"" rel=""nofollow"">Twitter for Android</a>",JagoBharathJago,1,TRUE,FALSE,NA,NA
6498,6498,We want emission standards for coal power plants so that India can breathe cleaner air! @DrHarshVardhan @moefcc #MyRightToBreathe,FALSE,6,NA,2017-12-04 07:09:04,FALSE,NA,9.37579491102093E+017,NA,"<a href=""http://twitter.com"" rel=""nofollow"">Twitter Web Client</a>",reechaindelhi,4,FALSE,FALSE,NA,NA
6499,6499,"RT @LetMeBreathe_In: We should have a Pollution task force soon <ed><U+00A0><U+00BD><ed><U+00B9><U+008C><ed><U+00A0><U+00BC><ed><U+00BF><U+00BD> #MyRightToBreathe #Delhi  
https://t.co/MHFJWEWouy",FALSE,0,NA,2017-12-04 07:00:29,FALSE,NA,9.37577331220038E+017,NA,"<a href=""http://twitter.com"" rel=""nofollow"">Twitter Web Client</a>",terence_fdes,6,TRUE,FALSE,NA,NA
